--
-- PostgreSQL database dump
--

-- Dumped from database version 15.2
-- Dumped by pg_dump version 15.2

SET statement_timeout = 0;
SET lock_timeout = 0;
SET idle_in_transaction_session_timeout = 0;
SET client_encoding = 'UTF8';
SET standard_conforming_strings = on;
SELECT pg_catalog.set_config('search_path', '', false);
SET check_function_bodies = false;
SET xmloption = content;
SET client_min_messages = warning;
SET row_security = off;

SET default_tablespace = '';

SET default_table_access_method = heap;

--
-- Name: comments; Type: TABLE; Schema: public; Owner: postgres
--

CREATE TABLE public.comments (
    id integer NOT NULL,
    user_id integer NOT NULL,
    comment text NOT NULL,
    answer integer,
    review_id integer NOT NULL,
    date timestamp without time zone
);


ALTER TABLE public.comments OWNER TO postgres;

--
-- Name: comments_id_seq; Type: SEQUENCE; Schema: public; Owner: postgres
--

CREATE SEQUENCE public.comments_id_seq
    AS integer
    START WITH 1
    INCREMENT BY 1
    NO MINVALUE
    NO MAXVALUE
    CACHE 1;


ALTER TABLE public.comments_id_seq OWNER TO postgres;

--
-- Name: comments_id_seq; Type: SEQUENCE OWNED BY; Schema: public; Owner: postgres
--

ALTER SEQUENCE public.comments_id_seq OWNED BY public.comments.id;


--
-- Name: country; Type: TABLE; Schema: public; Owner: postgres
--

CREATE TABLE public.country (
    id integer NOT NULL,
    country_name character varying(20)
);


ALTER TABLE public.country OWNER TO postgres;

--
-- Name: country_id_seq; Type: SEQUENCE; Schema: public; Owner: postgres
--

CREATE SEQUENCE public.country_id_seq
    AS integer
    START WITH 1
    INCREMENT BY 1
    NO MINVALUE
    NO MAXVALUE
    CACHE 1;


ALTER TABLE public.country_id_seq OWNER TO postgres;

--
-- Name: country_id_seq; Type: SEQUENCE OWNED BY; Schema: public; Owner: postgres
--

ALTER SEQUENCE public.country_id_seq OWNED BY public.country.id;


--
-- Name: ratings; Type: TABLE; Schema: public; Owner: postgres
--

CREATE TABLE public.ratings (
    id integer NOT NULL,
    user_id integer NOT NULL,
    review integer NOT NULL,
    rating integer NOT NULL
);


ALTER TABLE public.ratings OWNER TO postgres;

--
-- Name: ratings_id_seq; Type: SEQUENCE; Schema: public; Owner: postgres
--

CREATE SEQUENCE public.ratings_id_seq
    AS integer
    START WITH 1
    INCREMENT BY 1
    NO MINVALUE
    NO MAXVALUE
    CACHE 1;


ALTER TABLE public.ratings_id_seq OWNER TO postgres;

--
-- Name: ratings_id_seq; Type: SEQUENCE OWNED BY; Schema: public; Owner: postgres
--

ALTER SEQUENCE public.ratings_id_seq OWNED BY public.ratings.id;


--
-- Name: reviews; Type: TABLE; Schema: public; Owner: postgres
--

CREATE TABLE public.reviews (
    id integer NOT NULL,
    user_id integer NOT NULL,
    name character varying(50) NOT NULL,
    trailer_url character varying(100),
    poster character varying(300),
    film_name character varying(50) NOT NULL,
    year integer,
    director character varying(60),
    country_id integer,
    cast_names character varying(500),
    text text
);


ALTER TABLE public.reviews OWNER TO postgres;

--
-- Name: reviews_id_seq; Type: SEQUENCE; Schema: public; Owner: postgres
--

CREATE SEQUENCE public.reviews_id_seq
    AS integer
    START WITH 1
    INCREMENT BY 1
    NO MINVALUE
    NO MAXVALUE
    CACHE 1;


ALTER TABLE public.reviews_id_seq OWNER TO postgres;

--
-- Name: reviews_id_seq; Type: SEQUENCE OWNED BY; Schema: public; Owner: postgres
--

ALTER SEQUENCE public.reviews_id_seq OWNED BY public.reviews.id;


--
-- Name: role; Type: TABLE; Schema: public; Owner: postgres
--

CREATE TABLE public.role (
    id integer NOT NULL,
    name character varying(10) NOT NULL
);


ALTER TABLE public.role OWNER TO postgres;

--
-- Name: role_id_seq; Type: SEQUENCE; Schema: public; Owner: postgres
--

CREATE SEQUENCE public.role_id_seq
    AS integer
    START WITH 1
    INCREMENT BY 1
    NO MINVALUE
    NO MAXVALUE
    CACHE 1;


ALTER TABLE public.role_id_seq OWNER TO postgres;

--
-- Name: role_id_seq; Type: SEQUENCE OWNED BY; Schema: public; Owner: postgres
--

ALTER SEQUENCE public.role_id_seq OWNED BY public.role.id;


--
-- Name: spring_session; Type: TABLE; Schema: public; Owner: postgres
--

CREATE TABLE public.spring_session (
    primary_id character(36) NOT NULL,
    session_id character(36) NOT NULL,
    creation_time bigint NOT NULL,
    last_access_time bigint NOT NULL,
    max_inactive_interval integer NOT NULL,
    expiry_time bigint NOT NULL,
    principal_name character varying(100)
);


ALTER TABLE public.spring_session OWNER TO postgres;

--
-- Name: spring_session_attributes; Type: TABLE; Schema: public; Owner: postgres
--

CREATE TABLE public.spring_session_attributes (
    session_primary_id character(36) NOT NULL,
    attribute_name character varying(200) NOT NULL,
    attribute_bytes bytea NOT NULL
);


ALTER TABLE public.spring_session_attributes OWNER TO postgres;

--
-- Name: status; Type: TABLE; Schema: public; Owner: postgres
--

CREATE TABLE public.status (
    id integer NOT NULL,
    status character varying(7)
);


ALTER TABLE public.status OWNER TO postgres;

--
-- Name: status_id_seq; Type: SEQUENCE; Schema: public; Owner: postgres
--

CREATE SEQUENCE public.status_id_seq
    AS integer
    START WITH 1
    INCREMENT BY 1
    NO MINVALUE
    NO MAXVALUE
    CACHE 1;


ALTER TABLE public.status_id_seq OWNER TO postgres;

--
-- Name: status_id_seq; Type: SEQUENCE OWNED BY; Schema: public; Owner: postgres
--

ALTER SEQUENCE public.status_id_seq OWNED BY public.status.id;


--
-- Name: users; Type: TABLE; Schema: public; Owner: postgres
--

CREATE TABLE public.users (
    id integer NOT NULL,
    login character varying(25) NOT NULL,
    password character varying(100) NOT NULL,
    role_id integer NOT NULL,
    status_id integer NOT NULL,
    nickname character varying(50) NOT NULL,
    photo character varying(70),
    email character varying(40)
);


ALTER TABLE public.users OWNER TO postgres;

--
-- Name: users_id_seq; Type: SEQUENCE; Schema: public; Owner: postgres
--

CREATE SEQUENCE public.users_id_seq
    AS integer
    START WITH 1
    INCREMENT BY 1
    NO MINVALUE
    NO MAXVALUE
    CACHE 1;


ALTER TABLE public.users_id_seq OWNER TO postgres;

--
-- Name: users_id_seq; Type: SEQUENCE OWNED BY; Schema: public; Owner: postgres
--

ALTER SEQUENCE public.users_id_seq OWNED BY public.users.id;


--
-- Name: comments id; Type: DEFAULT; Schema: public; Owner: postgres
--

ALTER TABLE ONLY public.comments ALTER COLUMN id SET DEFAULT nextval('public.comments_id_seq'::regclass);


--
-- Name: country id; Type: DEFAULT; Schema: public; Owner: postgres
--

ALTER TABLE ONLY public.country ALTER COLUMN id SET DEFAULT nextval('public.country_id_seq'::regclass);


--
-- Name: ratings id; Type: DEFAULT; Schema: public; Owner: postgres
--

ALTER TABLE ONLY public.ratings ALTER COLUMN id SET DEFAULT nextval('public.ratings_id_seq'::regclass);


--
-- Name: reviews id; Type: DEFAULT; Schema: public; Owner: postgres
--

ALTER TABLE ONLY public.reviews ALTER COLUMN id SET DEFAULT nextval('public.reviews_id_seq'::regclass);


--
-- Name: role id; Type: DEFAULT; Schema: public; Owner: postgres
--

ALTER TABLE ONLY public.role ALTER COLUMN id SET DEFAULT nextval('public.role_id_seq'::regclass);


--
-- Name: status id; Type: DEFAULT; Schema: public; Owner: postgres
--

ALTER TABLE ONLY public.status ALTER COLUMN id SET DEFAULT nextval('public.status_id_seq'::regclass);


--
-- Name: users id; Type: DEFAULT; Schema: public; Owner: postgres
--

ALTER TABLE ONLY public.users ALTER COLUMN id SET DEFAULT nextval('public.users_id_seq'::regclass);


--
-- Data for Name: comments; Type: TABLE DATA; Schema: public; Owner: postgres
--

COPY public.comments (id, user_id, comment, answer, review_id, date) FROM stdin;
1	1	testComment1	\N	1	2023-01-06 00:12:02
2	2	testComment2	1	1	2023-01-06 04:02:23
3	3	testComment3	1	2	2023-02-06 14:33:24
4	1	2	\N	2	2023-03-06 22:33:24
5	1	2	1	2	2023-03-06 22:35:11
\.


--
-- Data for Name: country; Type: TABLE DATA; Schema: public; Owner: postgres
--

COPY public.country (id, country_name) FROM stdin;
1	США
2	Франция
3	СССР
\.


--
-- Data for Name: ratings; Type: TABLE DATA; Schema: public; Owner: postgres
--

COPY public.ratings (id, user_id, review, rating) FROM stdin;
1	1	1	9
2	2	1	3
3	3	1	6
4	1	2	10
6	3	2	5
7	1	3	9
8	2	3	1
9	3	3	4
10	1	4	9
11	2	4	7
12	3	4	2
13	1	5	6
15	3	5	3
16	2	8	10
\.


--
-- Data for Name: reviews; Type: TABLE DATA; Schema: public; Owner: postgres
--

COPY public.reviews (id, user_id, name, trailer_url, poster, film_name, year, director, country_id, cast_names, text) FROM stdin;
1	1	TestReview1	https://www.film.ru/sites/default/files/trailers/1615784/Taxi-Driver-Trailer-rus.mp4	https://www.kino-teatr.ru/movie/posters/big/6/10716.jpg	testName1	2023	testDirector1	1	testCast1	text text text text text
2	2	TestReview2	https://www.film.ru/sites/default/files/trailers/1615896/The-Shining-Trailer.mp4	https://www.kino-teatr.ru/movie/posters/big/6/10716.jpg	testName2	2023	testDirector2	2	testCast2	text text text text text
3	2	TestReview3	https://www.film.ru/sites/default/files/trailers/1610717/Apocalypse-Now-Trailer-rus.mp4	https://www.kino-teatr.ru/movie/posters/big/6/10716.jpg	testName3	2023	testDirector3	3	testCast3	text text text text text
4	3	TestReview4	https://www.film.ru/sites/default/files/trailers/1615732/The-Silence-of-the-Lambs-Trailer-rus.mp4	https://www.kino-teatr.ru/movie/posters/big/6/10716.jpg	testName4	2023	testDirector4	1	testCast4	text text text text text
5	1	TestReview5	https://www.film.ru/sites/default/files/trailers/16916130/The-Batman-trailer-3-rus.mp4	https://www.kino-teatr.ru/movie/posters/big/6/10716.jpg	testName5	2023	testDirector5	2	testCast5	text text text text text
6	3	TestReview6	https://www.film.ru/sites/default/files/trailers/16916130/The-Batman-trailer-3-rus.mp4	https://www.kino-teatr.ru/movie/posters/big/6/10716.jpg	testName6	2023	testDirector6	2	testCast6	text text text text text
7	1	TestReview7	https://www.film.ru/sites/default/files/trailers/16916130/The-Batman-trailer-3-rus.mp4	https://www.kino-teatr.ru/movie/posters/big/6/10716.jpg	testName7	2023	testDirector7	2	testCast7	text text text text text
8	2	TestReview8	https://www.film.ru/sites/default/files/trailers/16916130/The-Batman-trailer-3-rus.mp4	https://www.kino-teatr.ru/movie/posters/big/6/10716.jpg	testName8	2023	testDirector8	2	testCast8	text text text text text
\.


--
-- Data for Name: role; Type: TABLE DATA; Schema: public; Owner: postgres
--

COPY public.role (id, name) FROM stdin;
1	ADMIN
2	USER
\.


--
-- Data for Name: spring_session; Type: TABLE DATA; Schema: public; Owner: postgres
--

COPY public.spring_session (primary_id, session_id, creation_time, last_access_time, max_inactive_interval, expiry_time, principal_name) FROM stdin;
d6a4dfa5-4ba2-4b17-8105-a6bf30d5e006	e40a60a9-5f8f-4801-bde9-43f5971fe8c7	1694771899405	1694771899406	1800	1694773699406	\N
c287a356-20ba-4041-8d63-7ba5a178ef7a	40283f3d-b5d0-4de1-becd-3b0ec7892b7e	1694771975927	1694771975928	1800	1694773775928	admin
b61e61a3-2afc-445a-8230-3a68d2200c14	0839c675-5329-4650-a514-ad90054183da	1694772024419	1694772024420	1800	1694773824420	\N
f80e5f2a-ed5d-49be-b471-2bfe820b605f	dc26e11e-3bbe-46d1-98a8-8dae0c058e84	1694772133005	1694772133006	1800	1694773933006	admin
043933d1-d97b-46c6-ab2b-a6482f7705c6	82123a84-4a6d-4800-ae95-a5cf59f100c3	1694772152897	1694772152897	1800	1694773952897	admin
3d04a79f-f9e0-4fa8-827c-cbdb5abdfdf8	1a7446a5-0288-4359-a510-4161df6717b8	1694775886326	1694775886326	1800	1694777686326	admin
92c366eb-7a71-40d3-b12a-2e9255a0b6da	c4a2395f-9417-4f07-ae69-20d0f5dbb04c	1695280312191	1695280312191	1800	1695282112191	admin
9502190c-a5a0-4cc7-a45d-43abeede0662	9b86926d-e6d4-43c6-b425-b3e9d53260f5	1695285651888	1695285651889	1800	1695287451889	admin
2b892ae3-32b8-4639-bc8f-358bf3723fa7	23bd4924-eb19-408d-9065-52a2906d8a45	1695285784431	1695285784431	1800	1695287584431	admin
3b01271b-d84e-49aa-ad0b-61d138f18f30	15156458-2964-4a12-a202-2aedf6f01d53	1695285856425	1695285856426	1800	1695287656426	admin
55d679aa-e6d2-4aca-bf79-476a78b00a16	04a46167-e9de-4c43-9c27-4d3c892df9fa	1695286259016	1695286259016	1800	1695288059016	admin
8fb5d293-7cd3-48d8-a161-8d3660e327bb	bb92de0c-9536-4a91-af4c-d8ae32817ca0	1695286420957	1695286420958	1800	1695288220958	admin
d30c723c-5095-4244-a7ce-d1863e24ec37	e556714f-7914-46e7-ac07-731bfee6d988	1695286853666	1695286853667	1800	1695288653667	admin
5e07f193-31a9-4927-8560-13d089a7ca8a	3e2ad52d-b4c1-46bb-988e-f55d998fb75b	1695296335124	1695296335124	1800	1695298135124	admin
ecf4ce84-2037-4468-baf8-e0600186365a	470e4d03-5d52-49c6-8c65-82faa5c38254	1695297045258	1695297045258	1800	1695298845258	admin
d4c0b04b-12f5-4493-bdab-598bf6c6f3f1	45c82432-d09a-4227-857b-1cbef718f043	1695297061193	1695297061194	1800	1695298861194	admin
11253237-8eb4-4e72-a497-1b50d9a70950	7ebb99d5-b8e8-4ef3-ba5c-acea450caf9d	1695297200671	1695297200671	1800	1695299000671	admin
78e4026c-aded-4925-aa8a-498afd6b7ef7	6151800f-a7ac-402f-9023-01b33ff2b5b2	1695297244814	1695297244814	1800	1695299044814	admin
254c6979-6a53-43b0-b0df-cc837d449ae1	88379a20-7620-44be-af03-56f5ce27b9cc	1695298910409	1695298910410	1800	1695300710410	admin
0d42f26a-7e87-446d-afbe-dc1a9ab77f6a	ed7bd7e4-7767-4041-92e1-f0ed9d42b0cb	1695299198803	1695299198804	1800	1695300998804	admin
20d6c0ef-f0d5-45b8-942b-27614b36cb83	58c4b4d5-e877-4789-91d7-c540109fba5d	1695300272615	1695300272616	1800	1695302072616	admin
258a312c-00e4-44a6-9408-2ebf078d44eb	646f9533-07ed-41fb-882b-7717b7e4908f	1695300295449	1695300295450	1800	1695302095450	admin
b3361c42-6967-4de5-a56c-c386a38fc497	e4b4fa3f-ac30-409e-b15e-c99f0f16cecc	1695300332083	1695300332084	1800	1695302132084	admin
56c719f9-b422-4092-94f7-3513952372a0	48d7146b-b0d4-4566-8c2c-3933f644c273	1695300806193	1695300806194	1800	1695302606194	admin
8af23e02-6f3f-4839-9d7a-7457c53ce687	c0bac119-3ba2-42af-91e1-139cfa276967	1695300955831	1695300955831	1800	1695302755831	admin
82b35c92-6365-47e6-9a2a-67dbd79915e0	1099d2f0-9691-4a3d-b6fe-d5cdb6e948d3	1695301154280	1695301154280	1800	1695302954280	admin
2bc0f28f-c625-4422-9fe3-81a099db1c16	feb254df-3fb8-4f97-ac11-9f7b9035936d	1695301185201	1695301185202	1800	1695302985202	admin
e5207dbf-15e7-4b23-92a8-de5aee0c449a	e421879c-7b06-4add-a202-65d43899b80a	1695301382444	1695301382444	1800	1695303182444	admin
e88c6ea6-3b24-4dd9-accc-e7e50a64680b	91260598-0e43-4bc4-9ce4-77674dd52615	1695301589515	1695301589516	1800	1695303389516	user
376ed3d3-6211-4405-a035-560a918bdba6	f986ace9-663a-426c-b829-432af6200aaf	1695301636927	1695301636928	1800	1695303436928	user
3dfee071-829d-4f99-8e63-cdfb886be383	e2b649be-5043-432d-933d-05045b3662b7	1695302226424	1695302226424	1800	1695304026424	user
3154a61d-8b4e-4acb-9bc2-c39ab46da93e	a1c16a14-ff74-4c59-82ed-d79240b40ad8	1695302357061	1695302357062	1800	1695304157062	user
\.


--
-- Data for Name: spring_session_attributes; Type: TABLE DATA; Schema: public; Owner: postgres
--

COPY public.spring_session_attributes (session_primary_id, attribute_name, attribute_bytes) FROM stdin;
d6a4dfa5-4ba2-4b17-8105-a6bf30d5e006	SPRING_SECURITY_LAST_EXCEPTION	\\xaced0005737200436f72672e737072696e676672616d65776f726b2e73656375726974792e61757468656e7469636174696f6e2e42616443726564656e7469616c73457863657074696f6e260e4efc64ae185d020000787200396f72672e737072696e676672616d65776f726b2e73656375726974792e636f72652e41757468656e7469636174696f6e457863657074696f6e1c045130e20b67540200007872001a6a6176612e6c616e672e52756e74696d65457863657074696f6e9e5f06470a3483e5020000787200136a6176612e6c616e672e457863657074696f6ed0fd1f3e1a3b1cc4020000787200136a6176612e6c616e672e5468726f7761626c65d5c635273977b8cb0300044c000563617573657400154c6a6176612f6c616e672f5468726f7761626c653b4c000d64657461696c4d6573736167657400124c6a6176612f6c616e672f537472696e673b5b000a737461636b547261636574001e5b4c6a6176612f6c616e672f537461636b5472616365456c656d656e743b4c001473757070726573736564457863657074696f6e737400104c6a6176612f7574696c2f4c6973743b787071007e000974000f4261642063726564656e7469616c737572001e5b4c6a6176612e6c616e672e537461636b5472616365456c656d656e743b02462a3c3cfd223902000078700000006e7372001b6a6176612e6c616e672e537461636b5472616365456c656d656e746109c59a2636dd85020008420006666f726d617449000a6c696e654e756d6265724c000f636c6173734c6f616465724e616d6571007e00064c000e6465636c6172696e67436c61737371007e00064c000866696c654e616d6571007e00064c000a6d6574686f644e616d6571007e00064c000a6d6f64756c654e616d6571007e00064c000d6d6f64756c6556657273696f6e71007e00067870010000004f7400036170707400496f72672e737072696e676672616d65776f726b2e73656375726974792e61757468656e7469636174696f6e2e64616f2e44616f41757468656e7469636174696f6e50726f766964657274001e44616f41757468656e7469636174696f6e50726f76696465722e6a61766174001e6164646974696f6e616c41757468656e7469636174696f6e436865636b7370707371007e000d010000009371007e000f7400596f72672e737072696e676672616d65776f726b2e73656375726974792e61757468656e7469636174696f6e2e64616f2e41627374726163745573657244657461696c7341757468656e7469636174696f6e50726f766964657274002e41627374726163745573657244657461696c7341757468656e7469636174696f6e50726f76696465722e6a61766174000c61757468656e74696361746570707371007e000d01000000b671007e000f74003b6f72672e737072696e676672616d65776f726b2e73656375726974792e61757468656e7469636174696f6e2e50726f76696465724d616e6167657274001450726f76696465724d616e616765722e6a61766171007e001670707371007e000d01000000c971007e000f71007e001871007e001971007e001670707371007e000d010000005571007e000f7400546f72672e737072696e676672616d65776f726b2e73656375726974792e7765622e61757468656e7469636174696f6e2e557365726e616d6550617373776f726441757468656e7469636174696f6e46696c746572740029557365726e616d6550617373776f726441757468656e7469636174696f6e46696c7465722e6a617661740015617474656d707441757468656e7469636174696f6e70707371007e000d01000000e371007e000f7400566f72672e737072696e676672616d65776f726b2e73656375726974792e7765622e61757468656e7469636174696f6e2e416273747261637441757468656e7469636174696f6e50726f63657373696e6746696c74657274002b416273747261637441757468656e7469636174696f6e50726f63657373696e6746696c7465722e6a617661740008646f46696c74657270707371007e000d01000000d971007e000f71007e002071007e002171007e002270707371007e000d010000015a71007e000f7400446f72672e737072696e676672616d65776f726b2e73656375726974792e7765622e46696c746572436861696e50726f7879245669727475616c46696c746572436861696e74001546696c746572436861696e50726f78792e6a61766171007e002270707371007e000d010000006771007e000f7400436f72672e737072696e676672616d65776f726b2e73656375726974792e7765622e61757468656e7469636174696f6e2e6c6f676f75742e4c6f676f757446696c7465727400114c6f676f757446696c7465722e6a61766171007e002270707371007e000d010000005971007e000f71007e002871007e002971007e002270707371007e000d010000015a71007e000f71007e002571007e002671007e002270707371007e000d010000005a71007e000f74003a6f72672e737072696e676672616d65776f726b2e73656375726974792e7765622e6865616465722e48656164657257726974657246696c74657274001748656164657257726974657246696c7465722e6a61766174000e646f48656164657273416674657270707371007e000d010000004b71007e000f71007e002d71007e002e740010646f46696c746572496e7465726e616c70707371007e000d010000007571007e000f7400336f72672e737072696e676672616d65776f726b2e7765622e66696c7465722e4f6e63655065725265717565737446696c7465727400194f6e63655065725265717565737446696c7465722e6a61766171007e002270707371007e000d010000015a71007e000f71007e002571007e002671007e002270707371007e000d010000007071007e000f7400496f72672e737072696e676672616d65776f726b2e73656375726974792e7765622e636f6e746578742e5365637572697479436f6e7465787450657273697374656e636546696c7465727400255365637572697479436f6e7465787450657273697374656e636546696c7465722e6a61766171007e002270707371007e000d010000005271007e000f71007e003771007e003871007e002270707371007e000d010000015a71007e000f71007e002571007e002671007e002270707371007e000d010000003771007e000f7400576f72672e737072696e676672616d65776f726b2e73656375726974792e7765622e636f6e746578742e726571756573742e6173796e632e5765624173796e634d616e61676572496e746567726174696f6e46696c7465727400255765624173796e634d616e61676572496e746567726174696f6e46696c7465722e6a61766171007e003170707371007e000d010000007571007e000f71007e003371007e003471007e002270707371007e000d010000015a71007e000f71007e002571007e002671007e002270707371007e000d010000002a71007e000f74003f6f72672e737072696e676672616d65776f726b2e73656375726974792e7765622e73657373696f6e2e44697361626c65456e636f646555726c46696c74657274001b44697361626c65456e636f646555726c46696c7465722e6a61766171007e003170707371007e000d010000007571007e000f71007e003371007e003471007e002270707371007e000d010000015a71007e000f71007e002571007e002671007e002270707371007e000d01000000dd71007e000f7400316f72672e737072696e676672616d65776f726b2e73656375726974792e7765622e46696c746572436861696e50726f787971007e002671007e003170707371007e000d01000000ba71007e000f71007e004671007e002671007e002270707371007e000d010000016271007e000f7400346f72672e737072696e676672616d65776f726b2e7765622e66696c7465722e44656c65676174696e6746696c74657250726f787974001a44656c65676174696e6746696c74657250726f78792e6a61766174000e696e766f6b6544656c656761746570707371007e000d010000010b71007e000f71007e004971007e004a71007e002270707371007e000d010000008671007e000f74002c6f72672e737072696e676672616d65776f726b2e6d6f636b2e7765622e4d6f636b46696c746572436861696e7400144d6f636b46696c746572436861696e2e6a61766171007e002270707371007e000d010000006471007e000f7400336f72672e737072696e676672616d65776f726b2e7765622e66696c7465722e52657175657374436f6e7465787446696c74657274001952657175657374436f6e7465787446696c7465722e6a61766171007e003170707371007e000d010000007571007e000f71007e003371007e003471007e002270707371007e000d010000008671007e000f71007e004e71007e004f71007e002270707371007e000d010000005d71007e000f7400306f72672e737072696e676672616d65776f726b2e7765622e66696c7465722e466f726d436f6e74656e7446696c746572740016466f726d436f6e74656e7446696c7465722e6a61766171007e003170707371007e000d010000007571007e000f71007e003371007e003471007e002270707371007e000d010000008671007e000f71007e004e71007e004f71007e002270707371007e000d010000008e71007e000f74003c6f72672e737072696e676672616d65776f726b2e73657373696f6e2e7765622e687474702e53657373696f6e5265706f7369746f727946696c74657274001c53657373696f6e5265706f7369746f727946696c7465722e6a61766171007e003170707371007e000d010000005271007e000f7400396f72672e737072696e676672616d65776f726b2e73657373696f6e2e7765622e687474702e4f6e63655065725265717565737446696c74657271007e003471007e002270707371007e000d010000008671007e000f71007e004e71007e004f71007e002270707371007e000d01000000c971007e000f7400366f72672e737072696e676672616d65776f726b2e7765622e66696c7465722e436861726163746572456e636f64696e6746696c74657274001c436861726163746572456e636f64696e6746696c7465722e6a61766171007e003170707371007e000d010000007571007e000f71007e003371007e003471007e002270707371007e000d010000008671007e000f71007e004e71007e004f71007e002270707371007e000d01000000c971007e000f74002c6f72672e737072696e676672616d65776f726b2e746573742e7765622e736572766c65742e4d6f636b4d766374000c4d6f636b4d76632e6a617661740007706572666f726d70707371007e000d010000001d71007e000f74002c6e69636b2e7061636b2e636f6e74726f6c6c6572732e5365637572697479436f6e74726f6c6c65725465737474001b5365637572697479436f6e74726f6c6c6572546573742e6a61766174001061636365737344656e6965645465737470707371007e000d02000000687074002f6a646b2e696e7465726e616c2e7265666c6563742e4469726563744d6574686f6448616e646c654163636573736f7274001f4469726563744d6574686f6448616e646c654163636573736f722e6a617661740006696e766f6b657400096a6176612e6261736574000632302e302e317371007e000d0200000242707400186a6176612e6c616e672e7265666c6563742e4d6574686f6474000b4d6574686f642e6a61766171007e007071007e007171007e00727371007e000d01000002d571007e000f74002f6f72672e6a756e69742e706c6174666f726d2e636f6d6d6f6e732e7574696c2e5265666c656374696f6e5574696c737400145265666c656374696f6e5574696c732e6a61766174000c696e766f6b654d6574686f6470707371007e000d010000003c71007e000f7400336f72672e6a756e69742e6a7570697465722e656e67696e652e657865637574696f6e2e4d6574686f64496e766f636174696f6e7400154d6574686f64496e766f636174696f6e2e6a61766174000770726f6365656470707371007e000d010000008371007e000f7400526f72672e6a756e69742e6a7570697465722e656e67696e652e657865637574696f6e2e496e766f636174696f6e496e746572636570746f72436861696e2456616c69646174696e67496e766f636174696f6e74001f496e766f636174696f6e496e746572636570746f72436861696e2e6a61766171007e007d70707371007e000d010000009571007e000f7400336f72672e6a756e69742e6a7570697465722e656e67696e652e657874656e73696f6e2e54696d656f7574457874656e73696f6e74001554696d656f7574457874656e73696f6e2e6a617661740009696e7465726365707470707371007e000d010000008c71007e000f71007e008271007e0083740017696e746572636570745465737461626c654d6574686f6470707371007e000d010000005471007e000f71007e008271007e0083740013696e74657263657074546573744d6574686f6470707371007e000d010000007371007e000f74004e6f72672e6a756e69742e6a7570697465722e656e67696e652e657865637574696f6e2e45786563757461626c65496e766f6b6572245265666c656374697665496e746572636570746f7243616c6c74001645786563757461626c65496e766f6b65722e6a6176617400156c616d626461246f66566f69644d6574686f64243070707371007e000d010000006971007e000f7400346f72672e6a756e69742e6a7570697465722e656e67696e652e657865637574696f6e2e45786563757461626c65496e766f6b657271007e008b74000f6c616d62646124696e766f6b65243070707371007e000d010000006a71007e000f7400536f72672e6a756e69742e6a7570697465722e656e67696e652e657865637574696f6e2e496e766f636174696f6e496e746572636570746f72436861696e24496e746572636570746564496e766f636174696f6e71007e008071007e007d70707371007e000d010000004071007e000f74003d6f72672e6a756e69742e6a7570697465722e656e67696e652e657865637574696f6e2e496e766f636174696f6e496e746572636570746f72436861696e71007e008071007e007d70707371007e000d010000002d71007e000f71007e009371007e008074000e636861696e416e64496e766f6b6570707371007e000d010000002571007e000f71007e009371007e008071007e007070707371007e000d010000006871007e000f71007e008e71007e008b71007e007070707371007e000d010000006271007e000f71007e008e71007e008b71007e007070707371007e000d01000000d671007e000f74003c6f72672e6a756e69742e6a7570697465722e656e67696e652e64657363726970746f722e546573744d6574686f645465737444657363726970746f7274001d546573744d6574686f645465737444657363726970746f722e6a6176617400196c616d62646124696e766f6b65546573744d6574686f64243770707371007e000d010000004971007e000f7400416f72672e6a756e69742e706c6174666f726d2e656e67696e652e737570706f72742e68696572617263686963616c2e5468726f7761626c65436f6c6c6563746f727400175468726f7761626c65436f6c6c6563746f722e6a6176617400076578656375746570707371007e000d01000000d271007e000f71007e009a71007e009b740010696e766f6b65546573744d6574686f6470707371007e000d010000008771007e000f71007e009a71007e009b71007e00a070707371007e000d010000004271007e000f71007e009a71007e009b71007e00a070707371007e000d010000009771007e000f74003b6f72672e6a756e69742e706c6174666f726d2e656e67696e652e737570706f72742e68696572617263686963616c2e4e6f6465546573745461736b7400114e6f6465546573745461736b2e6a61766174001b6c616d62646124657865637574655265637572736976656c79243670707371007e000d010000004971007e000f71007e009e71007e009f71007e00a070707371007e000d010000008d71007e000f71007e00a671007e00a774001b6c616d62646124657865637574655265637572736976656c79243870707371007e000d010000008971007e000f7400336f72672e6a756e69742e706c6174666f726d2e656e67696e652e737570706f72742e68696572617263686963616c2e4e6f64657400094e6f64652e6a61766174000661726f756e6470707371007e000d010000008b71007e000f71007e00a671007e00a774001b6c616d62646124657865637574655265637572736976656c79243970707371007e000d010000004971007e000f71007e009e71007e009f71007e00a070707371007e000d010000008a71007e000f71007e00a671007e00a7740012657865637574655265637572736976656c7970707371007e000d010000005f71007e000f71007e00a671007e00a771007e00a070707371007e000d02000005e7707400136a6176612e7574696c2e41727261794c69737474000e41727261794c6973742e6a617661740007666f724561636871007e007171007e00727371007e000d010000002971007e000f7400586f72672e6a756e69742e706c6174666f726d2e656e67696e652e737570706f72742e68696572617263686963616c2e53616d6554687265616448696572617263686963616c546573744578656375746f725365727669636574002e53616d6554687265616448696572617263686963616c546573744578656375746f72536572766963652e6a617661740009696e766f6b65416c6c70707371007e000d010000009b71007e000f71007e00a671007e00a771007e00a870707371007e000d010000004971007e000f71007e009e71007e009f71007e00a070707371007e000d010000008d71007e000f71007e00a671007e00a771007e00ab70707371007e000d010000008971007e000f71007e00ad71007e00ae71007e00af70707371007e000d010000008b71007e000f71007e00a671007e00a771007e00b170707371007e000d010000004971007e000f71007e009e71007e009f71007e00a070707371007e000d010000008a71007e000f71007e00a671007e00a771007e00b470707371007e000d010000005f71007e000f71007e00a671007e00a771007e00a070707371007e000d02000005e77071007e00b771007e00b871007e00b971007e007171007e00727371007e000d010000002971007e000f71007e00bb71007e00bc71007e00bd70707371007e000d010000009b71007e000f71007e00a671007e00a771007e00a870707371007e000d010000004971007e000f71007e009e71007e009f71007e00a070707371007e000d010000008d71007e000f71007e00a671007e00a771007e00ab70707371007e000d010000008971007e000f71007e00ad71007e00ae71007e00af70707371007e000d010000008b71007e000f71007e00a671007e00a771007e00b170707371007e000d010000004971007e000f71007e009e71007e009f71007e00a070707371007e000d010000008a71007e000f71007e00a671007e00a771007e00b470707371007e000d010000005f71007e000f71007e00a671007e00a771007e00a070707371007e000d010000002371007e000f71007e00bb71007e00bc7400067375626d697470707371007e000d010000003971007e000f7400476f72672e6a756e69742e706c6174666f726d2e656e67696e652e737570706f72742e68696572617263686963616c2e48696572617263686963616c546573744578656375746f7274001d48696572617263686963616c546573744578656375746f722e6a61766171007e00a070707371007e000d010000003671007e000f7400456f72672e6a756e69742e706c6174666f726d2e656e67696e652e737570706f72742e68696572617263686963616c2e48696572617263686963616c54657374456e67696e6574001b48696572617263686963616c54657374456e67696e652e6a61766171007e00a070707371007e000d010000006b71007e000f74003c6f72672e6a756e69742e706c6174666f726d2e6c61756e636865722e636f72652e456e67696e65457865637574696f6e4f7263686573747261746f72740020456e67696e65457865637574696f6e4f7263686573747261746f722e6a61766171007e00a070707371007e000d010000005871007e000f71007e00d971007e00da71007e00a070707371007e000d010000003671007e000f71007e00d971007e00da7400106c616d6264612465786563757465243070707371007e000d010000004371007e000f71007e00d971007e00da74001677697468496e74657263657074656453747265616d7370707371007e000d010000003471007e000f71007e00d971007e00da71007e00a070707371007e000d010000007271007e000f7400306f72672e6a756e69742e706c6174666f726d2e6c61756e636865722e636f72652e44656661756c744c61756e6368657274001444656661756c744c61756e636865722e6a61766171007e00a070707371007e000d010000005671007e000f71007e00e271007e00e371007e00a070707371007e000d010000005671007e000f74004a6f72672e6a756e69742e706c6174666f726d2e6c61756e636865722e636f72652e44656661756c744c61756e6368657253657373696f6e2444656c65676174696e674c61756e6368657274001b44656661756c744c61756e6368657253657373696f6e2e6a61766171007e00a070707371007e000d010000003571007e000f74003a6f72672e6a756e69742e706c6174666f726d2e6c61756e636865722e636f72652e53657373696f6e506572526571756573744c61756e6368657274001e53657373696f6e506572526571756573744c61756e636865722e6a61766171007e00a070707371007e000d010000003971007e000f740028636f6d2e696e74656c6c696a2e6a756e6974352e4a556e697435496465615465737452756e6e65727400194a556e697435496465615465737452756e6e65722e6a617661740013737461727452756e6e6572576974684172677370707371007e000d010000002671007e000f74002f636f6d2e696e74656c6c696a2e72742e6a756e69742e496465615465737452756e6e65722452657065617465722431740013496465615465737452756e6e65722e6a61766171007e00a070707371007e000d010000000b71007e000f74002d636f6d2e696e74656c6c696a2e72742e657865637574696f6e2e6a756e69742e54657374735265706561746572740012546573747352657065617465722e6a61766174000672657065617470707371007e000d010000002371007e000f74002d636f6d2e696e74656c6c696a2e72742e6a756e69742e496465615465737452756e6e657224526570656174657271007e00f171007e00ee70707371007e000d01000000e871007e000f740022636f6d2e696e74656c6c696a2e72742e6a756e69742e4a556e6974537461727465727400114a556e6974537461727465722e6a6176617400167072657061726553747265616d73416e64537461727470707371007e000d010000003771007e000f71007e00f971007e00fa7400046d61696e70707372001f6a6176612e7574696c2e436f6c6c656374696f6e7324456d7074794c6973747ab817b43ca79ede020000787078
c287a356-20ba-4041-8d63-7ba5a178ef7a	SPRING_SECURITY_CONTEXT	\\xaced00057372003d6f72672e737072696e676672616d65776f726b2e73656375726974792e636f72652e636f6e746578742e5365637572697479436f6e74657874496d706c000000000000023a0200014c000e61757468656e7469636174696f6e7400324c6f72672f737072696e676672616d65776f726b2f73656375726974792f636f72652f41757468656e7469636174696f6e3b78707372004f6f72672e737072696e676672616d65776f726b2e73656375726974792e61757468656e7469636174696f6e2e557365726e616d6550617373776f726441757468656e7469636174696f6e546f6b656e000000000000023a0200024c000b63726564656e7469616c737400124c6a6176612f6c616e672f4f626a6563743b4c00097072696e636970616c71007e0004787200476f72672e737072696e676672616d65776f726b2e73656375726974792e61757468656e7469636174696f6e2e416273747261637441757468656e7469636174696f6e546f6b656ed3aa287e6e47640e0200035a000d61757468656e746963617465644c000b617574686f7269746965737400164c6a6176612f7574696c2f436f6c6c656374696f6e3b4c000764657461696c7371007e0004787001737200266a6176612e7574696c2e436f6c6c656374696f6e7324556e6d6f6469666961626c654c697374fc0f2531b5ec8e100200014c00046c6973747400104c6a6176612f7574696c2f4c6973743b7872002c6a6176612e7574696c2e436f6c6c656374696f6e7324556e6d6f6469666961626c65436f6c6c656374696f6e19420080cb5ef71e0200014c00016371007e00067870737200136a6176612e7574696c2e41727261794c6973747881d21d99c7619d03000149000473697a65787000000003770400000003737200426f72672e737072696e676672616d65776f726b2e73656375726974792e636f72652e617574686f726974792e53696d706c654772616e746564417574686f72697479000000000000023a0200014c0004726f6c657400124c6a6176612f6c616e672f537472696e673b7870740008626c6f636b696e677371007e000e740004637275647371007e000e74000876696577757365727871007e000d737200486f72672e737072696e676672616d65776f726b2e73656375726974792e7765622e61757468656e7469636174696f6e2e57656241757468656e7469636174696f6e44657461696c73000000000000023a0200024c000d72656d6f74654164647265737371007e000f4c000973657373696f6e496471007e000f78707400093132372e302e302e317070737200326f72672e737072696e676672616d65776f726b2e73656375726974792e636f72652e7573657264657461696c732e55736572000000000000023a0200075a00116163636f756e744e6f6e457870697265645a00106163636f756e744e6f6e4c6f636b65645a001563726564656e7469616c734e6f6e457870697265645a0007656e61626c65644c000b617574686f72697469657374000f4c6a6176612f7574696c2f5365743b4c000870617373776f726471007e000f4c0008757365726e616d6571007e000f787001010101737200256a6176612e7574696c2e436f6c6c656374696f6e7324556e6d6f6469666961626c65536574801d92d18f9b80550200007871007e000a737200116a6176612e7574696c2e54726565536574dd98509395ed875b0300007870737200466f72672e737072696e676672616d65776f726b2e73656375726974792e636f72652e7573657264657461696c732e5573657224417574686f72697479436f6d70617261746f72000000000000023a020000787077040000000371007e001071007e001271007e0014787074000561646d696e
b61e61a3-2afc-445a-8230-3a68d2200c14	SPRING_SECURITY_LAST_EXCEPTION	\\xaced0005737200436f72672e737072696e676672616d65776f726b2e73656375726974792e61757468656e7469636174696f6e2e42616443726564656e7469616c73457863657074696f6e260e4efc64ae185d020000787200396f72672e737072696e676672616d65776f726b2e73656375726974792e636f72652e41757468656e7469636174696f6e457863657074696f6e1c045130e20b67540200007872001a6a6176612e6c616e672e52756e74696d65457863657074696f6e9e5f06470a3483e5020000787200136a6176612e6c616e672e457863657074696f6ed0fd1f3e1a3b1cc4020000787200136a6176612e6c616e672e5468726f7761626c65d5c635273977b8cb0300044c000563617573657400154c6a6176612f6c616e672f5468726f7761626c653b4c000d64657461696c4d6573736167657400124c6a6176612f6c616e672f537472696e673b5b000a737461636b547261636574001e5b4c6a6176612f6c616e672f537461636b5472616365456c656d656e743b4c001473757070726573736564457863657074696f6e737400104c6a6176612f7574696c2f4c6973743b787071007e000974000f4261642063726564656e7469616c737572001e5b4c6a6176612e6c616e672e537461636b5472616365456c656d656e743b02462a3c3cfd223902000078700000006e7372001b6a6176612e6c616e672e537461636b5472616365456c656d656e746109c59a2636dd85020008420006666f726d617449000a6c696e654e756d6265724c000f636c6173734c6f616465724e616d6571007e00064c000e6465636c6172696e67436c61737371007e00064c000866696c654e616d6571007e00064c000a6d6574686f644e616d6571007e00064c000a6d6f64756c654e616d6571007e00064c000d6d6f64756c6556657273696f6e71007e00067870010000004f7400036170707400496f72672e737072696e676672616d65776f726b2e73656375726974792e61757468656e7469636174696f6e2e64616f2e44616f41757468656e7469636174696f6e50726f766964657274001e44616f41757468656e7469636174696f6e50726f76696465722e6a61766174001e6164646974696f6e616c41757468656e7469636174696f6e436865636b7370707371007e000d010000009371007e000f7400596f72672e737072696e676672616d65776f726b2e73656375726974792e61757468656e7469636174696f6e2e64616f2e41627374726163745573657244657461696c7341757468656e7469636174696f6e50726f766964657274002e41627374726163745573657244657461696c7341757468656e7469636174696f6e50726f76696465722e6a61766174000c61757468656e74696361746570707371007e000d01000000b671007e000f74003b6f72672e737072696e676672616d65776f726b2e73656375726974792e61757468656e7469636174696f6e2e50726f76696465724d616e6167657274001450726f76696465724d616e616765722e6a61766171007e001670707371007e000d01000000c971007e000f71007e001871007e001971007e001670707371007e000d010000005571007e000f7400546f72672e737072696e676672616d65776f726b2e73656375726974792e7765622e61757468656e7469636174696f6e2e557365726e616d6550617373776f726441757468656e7469636174696f6e46696c746572740029557365726e616d6550617373776f726441757468656e7469636174696f6e46696c7465722e6a617661740015617474656d707441757468656e7469636174696f6e70707371007e000d01000000e371007e000f7400566f72672e737072696e676672616d65776f726b2e73656375726974792e7765622e61757468656e7469636174696f6e2e416273747261637441757468656e7469636174696f6e50726f63657373696e6746696c74657274002b416273747261637441757468656e7469636174696f6e50726f63657373696e6746696c7465722e6a617661740008646f46696c74657270707371007e000d01000000d971007e000f71007e002071007e002171007e002270707371007e000d010000015a71007e000f7400446f72672e737072696e676672616d65776f726b2e73656375726974792e7765622e46696c746572436861696e50726f7879245669727475616c46696c746572436861696e74001546696c746572436861696e50726f78792e6a61766171007e002270707371007e000d010000006771007e000f7400436f72672e737072696e676672616d65776f726b2e73656375726974792e7765622e61757468656e7469636174696f6e2e6c6f676f75742e4c6f676f757446696c7465727400114c6f676f757446696c7465722e6a61766171007e002270707371007e000d010000005971007e000f71007e002871007e002971007e002270707371007e000d010000015a71007e000f71007e002571007e002671007e002270707371007e000d010000005a71007e000f74003a6f72672e737072696e676672616d65776f726b2e73656375726974792e7765622e6865616465722e48656164657257726974657246696c74657274001748656164657257726974657246696c7465722e6a61766174000e646f48656164657273416674657270707371007e000d010000004b71007e000f71007e002d71007e002e740010646f46696c746572496e7465726e616c70707371007e000d010000007571007e000f7400336f72672e737072696e676672616d65776f726b2e7765622e66696c7465722e4f6e63655065725265717565737446696c7465727400194f6e63655065725265717565737446696c7465722e6a61766171007e002270707371007e000d010000015a71007e000f71007e002571007e002671007e002270707371007e000d010000007071007e000f7400496f72672e737072696e676672616d65776f726b2e73656375726974792e7765622e636f6e746578742e5365637572697479436f6e7465787450657273697374656e636546696c7465727400255365637572697479436f6e7465787450657273697374656e636546696c7465722e6a61766171007e002270707371007e000d010000005271007e000f71007e003771007e003871007e002270707371007e000d010000015a71007e000f71007e002571007e002671007e002270707371007e000d010000003771007e000f7400576f72672e737072696e676672616d65776f726b2e73656375726974792e7765622e636f6e746578742e726571756573742e6173796e632e5765624173796e634d616e61676572496e746567726174696f6e46696c7465727400255765624173796e634d616e61676572496e746567726174696f6e46696c7465722e6a61766171007e003170707371007e000d010000007571007e000f71007e003371007e003471007e002270707371007e000d010000015a71007e000f71007e002571007e002671007e002270707371007e000d010000002a71007e000f74003f6f72672e737072696e676672616d65776f726b2e73656375726974792e7765622e73657373696f6e2e44697361626c65456e636f646555726c46696c74657274001b44697361626c65456e636f646555726c46696c7465722e6a61766171007e003170707371007e000d010000007571007e000f71007e003371007e003471007e002270707371007e000d010000015a71007e000f71007e002571007e002671007e002270707371007e000d01000000dd71007e000f7400316f72672e737072696e676672616d65776f726b2e73656375726974792e7765622e46696c746572436861696e50726f787971007e002671007e003170707371007e000d01000000ba71007e000f71007e004671007e002671007e002270707371007e000d010000016271007e000f7400346f72672e737072696e676672616d65776f726b2e7765622e66696c7465722e44656c65676174696e6746696c74657250726f787974001a44656c65676174696e6746696c74657250726f78792e6a61766174000e696e766f6b6544656c656761746570707371007e000d010000010b71007e000f71007e004971007e004a71007e002270707371007e000d010000008671007e000f74002c6f72672e737072696e676672616d65776f726b2e6d6f636b2e7765622e4d6f636b46696c746572436861696e7400144d6f636b46696c746572436861696e2e6a61766171007e002270707371007e000d010000006471007e000f7400336f72672e737072696e676672616d65776f726b2e7765622e66696c7465722e52657175657374436f6e7465787446696c74657274001952657175657374436f6e7465787446696c7465722e6a61766171007e003170707371007e000d010000007571007e000f71007e003371007e003471007e002270707371007e000d010000008671007e000f71007e004e71007e004f71007e002270707371007e000d010000005d71007e000f7400306f72672e737072696e676672616d65776f726b2e7765622e66696c7465722e466f726d436f6e74656e7446696c746572740016466f726d436f6e74656e7446696c7465722e6a61766171007e003170707371007e000d010000007571007e000f71007e003371007e003471007e002270707371007e000d010000008671007e000f71007e004e71007e004f71007e002270707371007e000d010000008e71007e000f74003c6f72672e737072696e676672616d65776f726b2e73657373696f6e2e7765622e687474702e53657373696f6e5265706f7369746f727946696c74657274001c53657373696f6e5265706f7369746f727946696c7465722e6a61766171007e003170707371007e000d010000005271007e000f7400396f72672e737072696e676672616d65776f726b2e73657373696f6e2e7765622e687474702e4f6e63655065725265717565737446696c74657271007e003471007e002270707371007e000d010000008671007e000f71007e004e71007e004f71007e002270707371007e000d01000000c971007e000f7400366f72672e737072696e676672616d65776f726b2e7765622e66696c7465722e436861726163746572456e636f64696e6746696c74657274001c436861726163746572456e636f64696e6746696c7465722e6a61766171007e003170707371007e000d010000007571007e000f71007e003371007e003471007e002270707371007e000d010000008671007e000f71007e004e71007e004f71007e002270707371007e000d01000000c971007e000f74002c6f72672e737072696e676672616d65776f726b2e746573742e7765622e736572766c65742e4d6f636b4d766374000c4d6f636b4d76632e6a617661740007706572666f726d70707371007e000d010000001d71007e000f74002c6e69636b2e7061636b2e636f6e74726f6c6c6572732e5365637572697479436f6e74726f6c6c65725465737474001b5365637572697479436f6e74726f6c6c6572546573742e6a61766174001061636365737344656e6965645465737470707371007e000d02000000687074002f6a646b2e696e7465726e616c2e7265666c6563742e4469726563744d6574686f6448616e646c654163636573736f7274001f4469726563744d6574686f6448616e646c654163636573736f722e6a617661740006696e766f6b657400096a6176612e6261736574000632302e302e317371007e000d0200000242707400186a6176612e6c616e672e7265666c6563742e4d6574686f6474000b4d6574686f642e6a61766171007e007071007e007171007e00727371007e000d01000002d571007e000f74002f6f72672e6a756e69742e706c6174666f726d2e636f6d6d6f6e732e7574696c2e5265666c656374696f6e5574696c737400145265666c656374696f6e5574696c732e6a61766174000c696e766f6b654d6574686f6470707371007e000d010000003c71007e000f7400336f72672e6a756e69742e6a7570697465722e656e67696e652e657865637574696f6e2e4d6574686f64496e766f636174696f6e7400154d6574686f64496e766f636174696f6e2e6a61766174000770726f6365656470707371007e000d010000008371007e000f7400526f72672e6a756e69742e6a7570697465722e656e67696e652e657865637574696f6e2e496e766f636174696f6e496e746572636570746f72436861696e2456616c69646174696e67496e766f636174696f6e74001f496e766f636174696f6e496e746572636570746f72436861696e2e6a61766171007e007d70707371007e000d010000009571007e000f7400336f72672e6a756e69742e6a7570697465722e656e67696e652e657874656e73696f6e2e54696d656f7574457874656e73696f6e74001554696d656f7574457874656e73696f6e2e6a617661740009696e7465726365707470707371007e000d010000008c71007e000f71007e008271007e0083740017696e746572636570745465737461626c654d6574686f6470707371007e000d010000005471007e000f71007e008271007e0083740013696e74657263657074546573744d6574686f6470707371007e000d010000007371007e000f74004e6f72672e6a756e69742e6a7570697465722e656e67696e652e657865637574696f6e2e45786563757461626c65496e766f6b6572245265666c656374697665496e746572636570746f7243616c6c74001645786563757461626c65496e766f6b65722e6a6176617400156c616d626461246f66566f69644d6574686f64243070707371007e000d010000006971007e000f7400346f72672e6a756e69742e6a7570697465722e656e67696e652e657865637574696f6e2e45786563757461626c65496e766f6b657271007e008b74000f6c616d62646124696e766f6b65243070707371007e000d010000006a71007e000f7400536f72672e6a756e69742e6a7570697465722e656e67696e652e657865637574696f6e2e496e766f636174696f6e496e746572636570746f72436861696e24496e746572636570746564496e766f636174696f6e71007e008071007e007d70707371007e000d010000004071007e000f74003d6f72672e6a756e69742e6a7570697465722e656e67696e652e657865637574696f6e2e496e766f636174696f6e496e746572636570746f72436861696e71007e008071007e007d70707371007e000d010000002d71007e000f71007e009371007e008074000e636861696e416e64496e766f6b6570707371007e000d010000002571007e000f71007e009371007e008071007e007070707371007e000d010000006871007e000f71007e008e71007e008b71007e007070707371007e000d010000006271007e000f71007e008e71007e008b71007e007070707371007e000d01000000d671007e000f74003c6f72672e6a756e69742e6a7570697465722e656e67696e652e64657363726970746f722e546573744d6574686f645465737444657363726970746f7274001d546573744d6574686f645465737444657363726970746f722e6a6176617400196c616d62646124696e766f6b65546573744d6574686f64243770707371007e000d010000004971007e000f7400416f72672e6a756e69742e706c6174666f726d2e656e67696e652e737570706f72742e68696572617263686963616c2e5468726f7761626c65436f6c6c6563746f727400175468726f7761626c65436f6c6c6563746f722e6a6176617400076578656375746570707371007e000d01000000d271007e000f71007e009a71007e009b740010696e766f6b65546573744d6574686f6470707371007e000d010000008771007e000f71007e009a71007e009b71007e00a070707371007e000d010000004271007e000f71007e009a71007e009b71007e00a070707371007e000d010000009771007e000f74003b6f72672e6a756e69742e706c6174666f726d2e656e67696e652e737570706f72742e68696572617263686963616c2e4e6f6465546573745461736b7400114e6f6465546573745461736b2e6a61766174001b6c616d62646124657865637574655265637572736976656c79243670707371007e000d010000004971007e000f71007e009e71007e009f71007e00a070707371007e000d010000008d71007e000f71007e00a671007e00a774001b6c616d62646124657865637574655265637572736976656c79243870707371007e000d010000008971007e000f7400336f72672e6a756e69742e706c6174666f726d2e656e67696e652e737570706f72742e68696572617263686963616c2e4e6f64657400094e6f64652e6a61766174000661726f756e6470707371007e000d010000008b71007e000f71007e00a671007e00a774001b6c616d62646124657865637574655265637572736976656c79243970707371007e000d010000004971007e000f71007e009e71007e009f71007e00a070707371007e000d010000008a71007e000f71007e00a671007e00a7740012657865637574655265637572736976656c7970707371007e000d010000005f71007e000f71007e00a671007e00a771007e00a070707371007e000d02000005e7707400136a6176612e7574696c2e41727261794c69737474000e41727261794c6973742e6a617661740007666f724561636871007e007171007e00727371007e000d010000002971007e000f7400586f72672e6a756e69742e706c6174666f726d2e656e67696e652e737570706f72742e68696572617263686963616c2e53616d6554687265616448696572617263686963616c546573744578656375746f725365727669636574002e53616d6554687265616448696572617263686963616c546573744578656375746f72536572766963652e6a617661740009696e766f6b65416c6c70707371007e000d010000009b71007e000f71007e00a671007e00a771007e00a870707371007e000d010000004971007e000f71007e009e71007e009f71007e00a070707371007e000d010000008d71007e000f71007e00a671007e00a771007e00ab70707371007e000d010000008971007e000f71007e00ad71007e00ae71007e00af70707371007e000d010000008b71007e000f71007e00a671007e00a771007e00b170707371007e000d010000004971007e000f71007e009e71007e009f71007e00a070707371007e000d010000008a71007e000f71007e00a671007e00a771007e00b470707371007e000d010000005f71007e000f71007e00a671007e00a771007e00a070707371007e000d02000005e77071007e00b771007e00b871007e00b971007e007171007e00727371007e000d010000002971007e000f71007e00bb71007e00bc71007e00bd70707371007e000d010000009b71007e000f71007e00a671007e00a771007e00a870707371007e000d010000004971007e000f71007e009e71007e009f71007e00a070707371007e000d010000008d71007e000f71007e00a671007e00a771007e00ab70707371007e000d010000008971007e000f71007e00ad71007e00ae71007e00af70707371007e000d010000008b71007e000f71007e00a671007e00a771007e00b170707371007e000d010000004971007e000f71007e009e71007e009f71007e00a070707371007e000d010000008a71007e000f71007e00a671007e00a771007e00b470707371007e000d010000005f71007e000f71007e00a671007e00a771007e00a070707371007e000d010000002371007e000f71007e00bb71007e00bc7400067375626d697470707371007e000d010000003971007e000f7400476f72672e6a756e69742e706c6174666f726d2e656e67696e652e737570706f72742e68696572617263686963616c2e48696572617263686963616c546573744578656375746f7274001d48696572617263686963616c546573744578656375746f722e6a61766171007e00a070707371007e000d010000003671007e000f7400456f72672e6a756e69742e706c6174666f726d2e656e67696e652e737570706f72742e68696572617263686963616c2e48696572617263686963616c54657374456e67696e6574001b48696572617263686963616c54657374456e67696e652e6a61766171007e00a070707371007e000d010000006b71007e000f74003c6f72672e6a756e69742e706c6174666f726d2e6c61756e636865722e636f72652e456e67696e65457865637574696f6e4f7263686573747261746f72740020456e67696e65457865637574696f6e4f7263686573747261746f722e6a61766171007e00a070707371007e000d010000005871007e000f71007e00d971007e00da71007e00a070707371007e000d010000003671007e000f71007e00d971007e00da7400106c616d6264612465786563757465243070707371007e000d010000004371007e000f71007e00d971007e00da74001677697468496e74657263657074656453747265616d7370707371007e000d010000003471007e000f71007e00d971007e00da71007e00a070707371007e000d010000007271007e000f7400306f72672e6a756e69742e706c6174666f726d2e6c61756e636865722e636f72652e44656661756c744c61756e6368657274001444656661756c744c61756e636865722e6a61766171007e00a070707371007e000d010000005671007e000f71007e00e271007e00e371007e00a070707371007e000d010000005671007e000f74004a6f72672e6a756e69742e706c6174666f726d2e6c61756e636865722e636f72652e44656661756c744c61756e6368657253657373696f6e2444656c65676174696e674c61756e6368657274001b44656661756c744c61756e6368657253657373696f6e2e6a61766171007e00a070707371007e000d010000003571007e000f74003a6f72672e6a756e69742e706c6174666f726d2e6c61756e636865722e636f72652e53657373696f6e506572526571756573744c61756e6368657274001e53657373696f6e506572526571756573744c61756e636865722e6a61766171007e00a070707371007e000d010000003971007e000f740028636f6d2e696e74656c6c696a2e6a756e6974352e4a556e697435496465615465737452756e6e65727400194a556e697435496465615465737452756e6e65722e6a617661740013737461727452756e6e6572576974684172677370707371007e000d010000002671007e000f74002f636f6d2e696e74656c6c696a2e72742e6a756e69742e496465615465737452756e6e65722452657065617465722431740013496465615465737452756e6e65722e6a61766171007e00a070707371007e000d010000000b71007e000f74002d636f6d2e696e74656c6c696a2e72742e657865637574696f6e2e6a756e69742e54657374735265706561746572740012546573747352657065617465722e6a61766174000672657065617470707371007e000d010000002371007e000f74002d636f6d2e696e74656c6c696a2e72742e6a756e69742e496465615465737452756e6e657224526570656174657271007e00f171007e00ee70707371007e000d01000000e871007e000f740022636f6d2e696e74656c6c696a2e72742e6a756e69742e4a556e6974537461727465727400114a556e6974537461727465722e6a6176617400167072657061726553747265616d73416e64537461727470707371007e000d010000003771007e000f71007e00f971007e00fa7400046d61696e70707372001f6a6176612e7574696c2e436f6c6c656374696f6e7324456d7074794c6973747ab817b43ca79ede020000787078
f80e5f2a-ed5d-49be-b471-2bfe820b605f	SPRING_SECURITY_CONTEXT	\\xaced00057372003d6f72672e737072696e676672616d65776f726b2e73656375726974792e636f72652e636f6e746578742e5365637572697479436f6e74657874496d706c000000000000023a0200014c000e61757468656e7469636174696f6e7400324c6f72672f737072696e676672616d65776f726b2f73656375726974792f636f72652f41757468656e7469636174696f6e3b78707372004f6f72672e737072696e676672616d65776f726b2e73656375726974792e61757468656e7469636174696f6e2e557365726e616d6550617373776f726441757468656e7469636174696f6e546f6b656e000000000000023a0200024c000b63726564656e7469616c737400124c6a6176612f6c616e672f4f626a6563743b4c00097072696e636970616c71007e0004787200476f72672e737072696e676672616d65776f726b2e73656375726974792e61757468656e7469636174696f6e2e416273747261637441757468656e7469636174696f6e546f6b656ed3aa287e6e47640e0200035a000d61757468656e746963617465644c000b617574686f7269746965737400164c6a6176612f7574696c2f436f6c6c656374696f6e3b4c000764657461696c7371007e0004787001737200266a6176612e7574696c2e436f6c6c656374696f6e7324556e6d6f6469666961626c654c697374fc0f2531b5ec8e100200014c00046c6973747400104c6a6176612f7574696c2f4c6973743b7872002c6a6176612e7574696c2e436f6c6c656374696f6e7324556e6d6f6469666961626c65436f6c6c656374696f6e19420080cb5ef71e0200014c00016371007e00067870737200136a6176612e7574696c2e41727261794c6973747881d21d99c7619d03000149000473697a65787000000003770400000003737200426f72672e737072696e676672616d65776f726b2e73656375726974792e636f72652e617574686f726974792e53696d706c654772616e746564417574686f72697479000000000000023a0200014c0004726f6c657400124c6a6176612f6c616e672f537472696e673b7870740008626c6f636b696e677371007e000e740004637275647371007e000e74000876696577757365727871007e000d737200486f72672e737072696e676672616d65776f726b2e73656375726974792e7765622e61757468656e7469636174696f6e2e57656241757468656e7469636174696f6e44657461696c73000000000000023a0200024c000d72656d6f74654164647265737371007e000f4c000973657373696f6e496471007e000f78707400093132372e302e302e317070737200326f72672e737072696e676672616d65776f726b2e73656375726974792e636f72652e7573657264657461696c732e55736572000000000000023a0200075a00116163636f756e744e6f6e457870697265645a00106163636f756e744e6f6e4c6f636b65645a001563726564656e7469616c734e6f6e457870697265645a0007656e61626c65644c000b617574686f72697469657374000f4c6a6176612f7574696c2f5365743b4c000870617373776f726471007e000f4c0008757365726e616d6571007e000f787001010101737200256a6176612e7574696c2e436f6c6c656374696f6e7324556e6d6f6469666961626c65536574801d92d18f9b80550200007871007e000a737200116a6176612e7574696c2e54726565536574dd98509395ed875b0300007870737200466f72672e737072696e676672616d65776f726b2e73656375726974792e636f72652e7573657264657461696c732e5573657224417574686f72697479436f6d70617261746f72000000000000023a020000787077040000000371007e001071007e001271007e0014787074000561646d696e
043933d1-d97b-46c6-ab2b-a6482f7705c6	SPRING_SECURITY_CONTEXT	\\xaced00057372003d6f72672e737072696e676672616d65776f726b2e73656375726974792e636f72652e636f6e746578742e5365637572697479436f6e74657874496d706c000000000000023a0200014c000e61757468656e7469636174696f6e7400324c6f72672f737072696e676672616d65776f726b2f73656375726974792f636f72652f41757468656e7469636174696f6e3b78707372004f6f72672e737072696e676672616d65776f726b2e73656375726974792e61757468656e7469636174696f6e2e557365726e616d6550617373776f726441757468656e7469636174696f6e546f6b656e000000000000023a0200024c000b63726564656e7469616c737400124c6a6176612f6c616e672f4f626a6563743b4c00097072696e636970616c71007e0004787200476f72672e737072696e676672616d65776f726b2e73656375726974792e61757468656e7469636174696f6e2e416273747261637441757468656e7469636174696f6e546f6b656ed3aa287e6e47640e0200035a000d61757468656e746963617465644c000b617574686f7269746965737400164c6a6176612f7574696c2f436f6c6c656374696f6e3b4c000764657461696c7371007e0004787001737200266a6176612e7574696c2e436f6c6c656374696f6e7324556e6d6f6469666961626c654c697374fc0f2531b5ec8e100200014c00046c6973747400104c6a6176612f7574696c2f4c6973743b7872002c6a6176612e7574696c2e436f6c6c656374696f6e7324556e6d6f6469666961626c65436f6c6c656374696f6e19420080cb5ef71e0200014c00016371007e00067870737200136a6176612e7574696c2e41727261794c6973747881d21d99c7619d03000149000473697a65787000000003770400000003737200426f72672e737072696e676672616d65776f726b2e73656375726974792e636f72652e617574686f726974792e53696d706c654772616e746564417574686f72697479000000000000023a0200014c0004726f6c657400124c6a6176612f6c616e672f537472696e673b7870740008626c6f636b696e677371007e000e740004637275647371007e000e74000876696577757365727871007e000d7074003c243261243132244b39314e444265696268777676526c2e54316750334f6f7851795073435a69692f6c61644a6f656543574b394177716e4c494d7869737200326f72672e737072696e676672616d65776f726b2e73656375726974792e636f72652e7573657264657461696c732e55736572000000000000023a0200075a00116163636f756e744e6f6e457870697265645a00106163636f756e744e6f6e4c6f636b65645a001563726564656e7469616c734e6f6e457870697265645a0007656e61626c65644c000b617574686f72697469657374000f4c6a6176612f7574696c2f5365743b4c000870617373776f726471007e000f4c0008757365726e616d6571007e000f787001010101737200256a6176612e7574696c2e436f6c6c656374696f6e7324556e6d6f6469666961626c65536574801d92d18f9b80550200007871007e000a737200116a6176612e7574696c2e54726565536574dd98509395ed875b0300007870737200466f72672e737072696e676672616d65776f726b2e73656375726974792e636f72652e7573657264657461696c732e5573657224417574686f72697479436f6d70617261746f72000000000000023a020000787077040000000371007e001071007e001271007e00147871007e001674000561646d696e
3d04a79f-f9e0-4fa8-827c-cbdb5abdfdf8	SPRING_SECURITY_CONTEXT	\\xaced00057372003d6f72672e737072696e676672616d65776f726b2e73656375726974792e636f72652e636f6e746578742e5365637572697479436f6e74657874496d706c000000000000023a0200014c000e61757468656e7469636174696f6e7400324c6f72672f737072696e676672616d65776f726b2f73656375726974792f636f72652f41757468656e7469636174696f6e3b78707372004f6f72672e737072696e676672616d65776f726b2e73656375726974792e61757468656e7469636174696f6e2e557365726e616d6550617373776f726441757468656e7469636174696f6e546f6b656e000000000000023a0200024c000b63726564656e7469616c737400124c6a6176612f6c616e672f4f626a6563743b4c00097072696e636970616c71007e0004787200476f72672e737072696e676672616d65776f726b2e73656375726974792e61757468656e7469636174696f6e2e416273747261637441757468656e7469636174696f6e546f6b656ed3aa287e6e47640e0200035a000d61757468656e746963617465644c000b617574686f7269746965737400164c6a6176612f7574696c2f436f6c6c656374696f6e3b4c000764657461696c7371007e0004787001737200266a6176612e7574696c2e436f6c6c656374696f6e7324556e6d6f6469666961626c654c697374fc0f2531b5ec8e100200014c00046c6973747400104c6a6176612f7574696c2f4c6973743b7872002c6a6176612e7574696c2e436f6c6c656374696f6e7324556e6d6f6469666961626c65436f6c6c656374696f6e19420080cb5ef71e0200014c00016371007e00067870737200136a6176612e7574696c2e41727261794c6973747881d21d99c7619d03000149000473697a65787000000003770400000003737200426f72672e737072696e676672616d65776f726b2e73656375726974792e636f72652e617574686f726974792e53696d706c654772616e746564417574686f72697479000000000000023a0200014c0004726f6c657400124c6a6176612f6c616e672f537472696e673b7870740008626c6f636b696e677371007e000e740004637275647371007e000e74000876696577757365727871007e000d7074003c243261243132244b39314e444265696268777676526c2e54316750334f6f7851795073435a69692f6c61644a6f656543574b394177716e4c494d7869737200326f72672e737072696e676672616d65776f726b2e73656375726974792e636f72652e7573657264657461696c732e55736572000000000000023a0200075a00116163636f756e744e6f6e457870697265645a00106163636f756e744e6f6e4c6f636b65645a001563726564656e7469616c734e6f6e457870697265645a0007656e61626c65644c000b617574686f72697469657374000f4c6a6176612f7574696c2f5365743b4c000870617373776f726471007e000f4c0008757365726e616d6571007e000f787001010101737200256a6176612e7574696c2e436f6c6c656374696f6e7324556e6d6f6469666961626c65536574801d92d18f9b80550200007871007e000a737200116a6176612e7574696c2e54726565536574dd98509395ed875b0300007870737200466f72672e737072696e676672616d65776f726b2e73656375726974792e636f72652e7573657264657461696c732e5573657224417574686f72697479436f6d70617261746f72000000000000023a020000787077040000000371007e001071007e001271007e00147871007e001674000561646d696e
92c366eb-7a71-40d3-b12a-2e9255a0b6da	SPRING_SECURITY_CONTEXT	\\xaced00057372003d6f72672e737072696e676672616d65776f726b2e73656375726974792e636f72652e636f6e746578742e5365637572697479436f6e74657874496d706c000000000000023a0200014c000e61757468656e7469636174696f6e7400324c6f72672f737072696e676672616d65776f726b2f73656375726974792f636f72652f41757468656e7469636174696f6e3b78707372004f6f72672e737072696e676672616d65776f726b2e73656375726974792e61757468656e7469636174696f6e2e557365726e616d6550617373776f726441757468656e7469636174696f6e546f6b656e000000000000023a0200024c000b63726564656e7469616c737400124c6a6176612f6c616e672f4f626a6563743b4c00097072696e636970616c71007e0004787200476f72672e737072696e676672616d65776f726b2e73656375726974792e61757468656e7469636174696f6e2e416273747261637441757468656e7469636174696f6e546f6b656ed3aa287e6e47640e0200035a000d61757468656e746963617465644c000b617574686f7269746965737400164c6a6176612f7574696c2f436f6c6c656374696f6e3b4c000764657461696c7371007e0004787001737200266a6176612e7574696c2e436f6c6c656374696f6e7324556e6d6f6469666961626c654c697374fc0f2531b5ec8e100200014c00046c6973747400104c6a6176612f7574696c2f4c6973743b7872002c6a6176612e7574696c2e436f6c6c656374696f6e7324556e6d6f6469666961626c65436f6c6c656374696f6e19420080cb5ef71e0200014c00016371007e00067870737200136a6176612e7574696c2e41727261794c6973747881d21d99c7619d03000149000473697a65787000000003770400000003737200426f72672e737072696e676672616d65776f726b2e73656375726974792e636f72652e617574686f726974792e53696d706c654772616e746564417574686f72697479000000000000023a0200014c0004726f6c657400124c6a6176612f6c616e672f537472696e673b7870740008626c6f636b696e677371007e000e740004637275647371007e000e74000876696577757365727871007e000d7074003c243261243132244b39314e444265696268777676526c2e54316750334f6f7851795073435a69692f6c61644a6f656543574b394177716e4c494d7869737200326f72672e737072696e676672616d65776f726b2e73656375726974792e636f72652e7573657264657461696c732e55736572000000000000023a0200075a00116163636f756e744e6f6e457870697265645a00106163636f756e744e6f6e4c6f636b65645a001563726564656e7469616c734e6f6e457870697265645a0007656e61626c65644c000b617574686f72697469657374000f4c6a6176612f7574696c2f5365743b4c000870617373776f726471007e000f4c0008757365726e616d6571007e000f787001010101737200256a6176612e7574696c2e436f6c6c656374696f6e7324556e6d6f6469666961626c65536574801d92d18f9b80550200007871007e000a737200116a6176612e7574696c2e54726565536574dd98509395ed875b0300007870737200466f72672e737072696e676672616d65776f726b2e73656375726974792e636f72652e7573657264657461696c732e5573657224417574686f72697479436f6d70617261746f72000000000000023a020000787077040000000371007e001071007e001271007e00147871007e001674000561646d696e
9502190c-a5a0-4cc7-a45d-43abeede0662	SPRING_SECURITY_CONTEXT	\\xaced00057372003d6f72672e737072696e676672616d65776f726b2e73656375726974792e636f72652e636f6e746578742e5365637572697479436f6e74657874496d706c000000000000023a0200014c000e61757468656e7469636174696f6e7400324c6f72672f737072696e676672616d65776f726b2f73656375726974792f636f72652f41757468656e7469636174696f6e3b78707372004f6f72672e737072696e676672616d65776f726b2e73656375726974792e61757468656e7469636174696f6e2e557365726e616d6550617373776f726441757468656e7469636174696f6e546f6b656e000000000000023a0200024c000b63726564656e7469616c737400124c6a6176612f6c616e672f4f626a6563743b4c00097072696e636970616c71007e0004787200476f72672e737072696e676672616d65776f726b2e73656375726974792e61757468656e7469636174696f6e2e416273747261637441757468656e7469636174696f6e546f6b656ed3aa287e6e47640e0200035a000d61757468656e746963617465644c000b617574686f7269746965737400164c6a6176612f7574696c2f436f6c6c656374696f6e3b4c000764657461696c7371007e0004787001737200266a6176612e7574696c2e436f6c6c656374696f6e7324556e6d6f6469666961626c654c697374fc0f2531b5ec8e100200014c00046c6973747400104c6a6176612f7574696c2f4c6973743b7872002c6a6176612e7574696c2e436f6c6c656374696f6e7324556e6d6f6469666961626c65436f6c6c656374696f6e19420080cb5ef71e0200014c00016371007e00067870737200136a6176612e7574696c2e41727261794c6973747881d21d99c7619d03000149000473697a65787000000003770400000003737200426f72672e737072696e676672616d65776f726b2e73656375726974792e636f72652e617574686f726974792e53696d706c654772616e746564417574686f72697479000000000000023a0200014c0004726f6c657400124c6a6176612f6c616e672f537472696e673b7870740008626c6f636b696e677371007e000e740004637275647371007e000e74000876696577757365727871007e000d7074003c243261243132244b39314e444265696268777676526c2e54316750334f6f7851795073435a69692f6c61644a6f656543574b394177716e4c494d7869737200326f72672e737072696e676672616d65776f726b2e73656375726974792e636f72652e7573657264657461696c732e55736572000000000000023a0200075a00116163636f756e744e6f6e457870697265645a00106163636f756e744e6f6e4c6f636b65645a001563726564656e7469616c734e6f6e457870697265645a0007656e61626c65644c000b617574686f72697469657374000f4c6a6176612f7574696c2f5365743b4c000870617373776f726471007e000f4c0008757365726e616d6571007e000f787001010101737200256a6176612e7574696c2e436f6c6c656374696f6e7324556e6d6f6469666961626c65536574801d92d18f9b80550200007871007e000a737200116a6176612e7574696c2e54726565536574dd98509395ed875b0300007870737200466f72672e737072696e676672616d65776f726b2e73656375726974792e636f72652e7573657264657461696c732e5573657224417574686f72697479436f6d70617261746f72000000000000023a020000787077040000000371007e001071007e001271007e00147871007e001674000561646d696e
2b892ae3-32b8-4639-bc8f-358bf3723fa7	SPRING_SECURITY_CONTEXT	\\xaced00057372003d6f72672e737072696e676672616d65776f726b2e73656375726974792e636f72652e636f6e746578742e5365637572697479436f6e74657874496d706c000000000000023a0200014c000e61757468656e7469636174696f6e7400324c6f72672f737072696e676672616d65776f726b2f73656375726974792f636f72652f41757468656e7469636174696f6e3b78707372004f6f72672e737072696e676672616d65776f726b2e73656375726974792e61757468656e7469636174696f6e2e557365726e616d6550617373776f726441757468656e7469636174696f6e546f6b656e000000000000023a0200024c000b63726564656e7469616c737400124c6a6176612f6c616e672f4f626a6563743b4c00097072696e636970616c71007e0004787200476f72672e737072696e676672616d65776f726b2e73656375726974792e61757468656e7469636174696f6e2e416273747261637441757468656e7469636174696f6e546f6b656ed3aa287e6e47640e0200035a000d61757468656e746963617465644c000b617574686f7269746965737400164c6a6176612f7574696c2f436f6c6c656374696f6e3b4c000764657461696c7371007e0004787001737200266a6176612e7574696c2e436f6c6c656374696f6e7324556e6d6f6469666961626c654c697374fc0f2531b5ec8e100200014c00046c6973747400104c6a6176612f7574696c2f4c6973743b7872002c6a6176612e7574696c2e436f6c6c656374696f6e7324556e6d6f6469666961626c65436f6c6c656374696f6e19420080cb5ef71e0200014c00016371007e00067870737200136a6176612e7574696c2e41727261794c6973747881d21d99c7619d03000149000473697a65787000000003770400000003737200426f72672e737072696e676672616d65776f726b2e73656375726974792e636f72652e617574686f726974792e53696d706c654772616e746564417574686f72697479000000000000023a0200014c0004726f6c657400124c6a6176612f6c616e672f537472696e673b7870740008626c6f636b696e677371007e000e740004637275647371007e000e74000876696577757365727871007e000d7074003c243261243132244b39314e444265696268777676526c2e54316750334f6f7851795073435a69692f6c61644a6f656543574b394177716e4c494d7869737200326f72672e737072696e676672616d65776f726b2e73656375726974792e636f72652e7573657264657461696c732e55736572000000000000023a0200075a00116163636f756e744e6f6e457870697265645a00106163636f756e744e6f6e4c6f636b65645a001563726564656e7469616c734e6f6e457870697265645a0007656e61626c65644c000b617574686f72697469657374000f4c6a6176612f7574696c2f5365743b4c000870617373776f726471007e000f4c0008757365726e616d6571007e000f787001010101737200256a6176612e7574696c2e436f6c6c656374696f6e7324556e6d6f6469666961626c65536574801d92d18f9b80550200007871007e000a737200116a6176612e7574696c2e54726565536574dd98509395ed875b0300007870737200466f72672e737072696e676672616d65776f726b2e73656375726974792e636f72652e7573657264657461696c732e5573657224417574686f72697479436f6d70617261746f72000000000000023a020000787077040000000371007e001071007e001271007e00147871007e001674000561646d696e
3b01271b-d84e-49aa-ad0b-61d138f18f30	SPRING_SECURITY_CONTEXT	\\xaced00057372003d6f72672e737072696e676672616d65776f726b2e73656375726974792e636f72652e636f6e746578742e5365637572697479436f6e74657874496d706c000000000000023a0200014c000e61757468656e7469636174696f6e7400324c6f72672f737072696e676672616d65776f726b2f73656375726974792f636f72652f41757468656e7469636174696f6e3b78707372004f6f72672e737072696e676672616d65776f726b2e73656375726974792e61757468656e7469636174696f6e2e557365726e616d6550617373776f726441757468656e7469636174696f6e546f6b656e000000000000023a0200024c000b63726564656e7469616c737400124c6a6176612f6c616e672f4f626a6563743b4c00097072696e636970616c71007e0004787200476f72672e737072696e676672616d65776f726b2e73656375726974792e61757468656e7469636174696f6e2e416273747261637441757468656e7469636174696f6e546f6b656ed3aa287e6e47640e0200035a000d61757468656e746963617465644c000b617574686f7269746965737400164c6a6176612f7574696c2f436f6c6c656374696f6e3b4c000764657461696c7371007e0004787001737200266a6176612e7574696c2e436f6c6c656374696f6e7324556e6d6f6469666961626c654c697374fc0f2531b5ec8e100200014c00046c6973747400104c6a6176612f7574696c2f4c6973743b7872002c6a6176612e7574696c2e436f6c6c656374696f6e7324556e6d6f6469666961626c65436f6c6c656374696f6e19420080cb5ef71e0200014c00016371007e00067870737200136a6176612e7574696c2e41727261794c6973747881d21d99c7619d03000149000473697a65787000000003770400000003737200426f72672e737072696e676672616d65776f726b2e73656375726974792e636f72652e617574686f726974792e53696d706c654772616e746564417574686f72697479000000000000023a0200014c0004726f6c657400124c6a6176612f6c616e672f537472696e673b7870740008626c6f636b696e677371007e000e740004637275647371007e000e74000876696577757365727871007e000d7074003c243261243132244b39314e444265696268777676526c2e54316750334f6f7851795073435a69692f6c61644a6f656543574b394177716e4c494d7869737200326f72672e737072696e676672616d65776f726b2e73656375726974792e636f72652e7573657264657461696c732e55736572000000000000023a0200075a00116163636f756e744e6f6e457870697265645a00106163636f756e744e6f6e4c6f636b65645a001563726564656e7469616c734e6f6e457870697265645a0007656e61626c65644c000b617574686f72697469657374000f4c6a6176612f7574696c2f5365743b4c000870617373776f726471007e000f4c0008757365726e616d6571007e000f787001010101737200256a6176612e7574696c2e436f6c6c656374696f6e7324556e6d6f6469666961626c65536574801d92d18f9b80550200007871007e000a737200116a6176612e7574696c2e54726565536574dd98509395ed875b0300007870737200466f72672e737072696e676672616d65776f726b2e73656375726974792e636f72652e7573657264657461696c732e5573657224417574686f72697479436f6d70617261746f72000000000000023a020000787077040000000371007e001071007e001271007e00147871007e001674000561646d696e
55d679aa-e6d2-4aca-bf79-476a78b00a16	SPRING_SECURITY_CONTEXT	\\xaced00057372003d6f72672e737072696e676672616d65776f726b2e73656375726974792e636f72652e636f6e746578742e5365637572697479436f6e74657874496d706c000000000000023a0200014c000e61757468656e7469636174696f6e7400324c6f72672f737072696e676672616d65776f726b2f73656375726974792f636f72652f41757468656e7469636174696f6e3b78707372004f6f72672e737072696e676672616d65776f726b2e73656375726974792e61757468656e7469636174696f6e2e557365726e616d6550617373776f726441757468656e7469636174696f6e546f6b656e000000000000023a0200024c000b63726564656e7469616c737400124c6a6176612f6c616e672f4f626a6563743b4c00097072696e636970616c71007e0004787200476f72672e737072696e676672616d65776f726b2e73656375726974792e61757468656e7469636174696f6e2e416273747261637441757468656e7469636174696f6e546f6b656ed3aa287e6e47640e0200035a000d61757468656e746963617465644c000b617574686f7269746965737400164c6a6176612f7574696c2f436f6c6c656374696f6e3b4c000764657461696c7371007e0004787001737200266a6176612e7574696c2e436f6c6c656374696f6e7324556e6d6f6469666961626c654c697374fc0f2531b5ec8e100200014c00046c6973747400104c6a6176612f7574696c2f4c6973743b7872002c6a6176612e7574696c2e436f6c6c656374696f6e7324556e6d6f6469666961626c65436f6c6c656374696f6e19420080cb5ef71e0200014c00016371007e00067870737200136a6176612e7574696c2e41727261794c6973747881d21d99c7619d03000149000473697a65787000000003770400000003737200426f72672e737072696e676672616d65776f726b2e73656375726974792e636f72652e617574686f726974792e53696d706c654772616e746564417574686f72697479000000000000023a0200014c0004726f6c657400124c6a6176612f6c616e672f537472696e673b7870740008626c6f636b696e677371007e000e740004637275647371007e000e74000876696577757365727871007e000d7074003c243261243132244b39314e444265696268777676526c2e54316750334f6f7851795073435a69692f6c61644a6f656543574b394177716e4c494d7869737200326f72672e737072696e676672616d65776f726b2e73656375726974792e636f72652e7573657264657461696c732e55736572000000000000023a0200075a00116163636f756e744e6f6e457870697265645a00106163636f756e744e6f6e4c6f636b65645a001563726564656e7469616c734e6f6e457870697265645a0007656e61626c65644c000b617574686f72697469657374000f4c6a6176612f7574696c2f5365743b4c000870617373776f726471007e000f4c0008757365726e616d6571007e000f787001010101737200256a6176612e7574696c2e436f6c6c656374696f6e7324556e6d6f6469666961626c65536574801d92d18f9b80550200007871007e000a737200116a6176612e7574696c2e54726565536574dd98509395ed875b0300007870737200466f72672e737072696e676672616d65776f726b2e73656375726974792e636f72652e7573657264657461696c732e5573657224417574686f72697479436f6d70617261746f72000000000000023a020000787077040000000371007e001071007e001271007e00147871007e001674000561646d696e
8fb5d293-7cd3-48d8-a161-8d3660e327bb	SPRING_SECURITY_CONTEXT	\\xaced00057372003d6f72672e737072696e676672616d65776f726b2e73656375726974792e636f72652e636f6e746578742e5365637572697479436f6e74657874496d706c000000000000023a0200014c000e61757468656e7469636174696f6e7400324c6f72672f737072696e676672616d65776f726b2f73656375726974792f636f72652f41757468656e7469636174696f6e3b78707372004f6f72672e737072696e676672616d65776f726b2e73656375726974792e61757468656e7469636174696f6e2e557365726e616d6550617373776f726441757468656e7469636174696f6e546f6b656e000000000000023a0200024c000b63726564656e7469616c737400124c6a6176612f6c616e672f4f626a6563743b4c00097072696e636970616c71007e0004787200476f72672e737072696e676672616d65776f726b2e73656375726974792e61757468656e7469636174696f6e2e416273747261637441757468656e7469636174696f6e546f6b656ed3aa287e6e47640e0200035a000d61757468656e746963617465644c000b617574686f7269746965737400164c6a6176612f7574696c2f436f6c6c656374696f6e3b4c000764657461696c7371007e0004787001737200266a6176612e7574696c2e436f6c6c656374696f6e7324556e6d6f6469666961626c654c697374fc0f2531b5ec8e100200014c00046c6973747400104c6a6176612f7574696c2f4c6973743b7872002c6a6176612e7574696c2e436f6c6c656374696f6e7324556e6d6f6469666961626c65436f6c6c656374696f6e19420080cb5ef71e0200014c00016371007e00067870737200136a6176612e7574696c2e41727261794c6973747881d21d99c7619d03000149000473697a65787000000003770400000003737200426f72672e737072696e676672616d65776f726b2e73656375726974792e636f72652e617574686f726974792e53696d706c654772616e746564417574686f72697479000000000000023a0200014c0004726f6c657400124c6a6176612f6c616e672f537472696e673b7870740008626c6f636b696e677371007e000e740004637275647371007e000e74000876696577757365727871007e000d7074003c243261243132244b39314e444265696268777676526c2e54316750334f6f7851795073435a69692f6c61644a6f656543574b394177716e4c494d7869737200326f72672e737072696e676672616d65776f726b2e73656375726974792e636f72652e7573657264657461696c732e55736572000000000000023a0200075a00116163636f756e744e6f6e457870697265645a00106163636f756e744e6f6e4c6f636b65645a001563726564656e7469616c734e6f6e457870697265645a0007656e61626c65644c000b617574686f72697469657374000f4c6a6176612f7574696c2f5365743b4c000870617373776f726471007e000f4c0008757365726e616d6571007e000f787001010101737200256a6176612e7574696c2e436f6c6c656374696f6e7324556e6d6f6469666961626c65536574801d92d18f9b80550200007871007e000a737200116a6176612e7574696c2e54726565536574dd98509395ed875b0300007870737200466f72672e737072696e676672616d65776f726b2e73656375726974792e636f72652e7573657264657461696c732e5573657224417574686f72697479436f6d70617261746f72000000000000023a020000787077040000000371007e001071007e001271007e00147871007e001674000561646d696e
d30c723c-5095-4244-a7ce-d1863e24ec37	SPRING_SECURITY_CONTEXT	\\xaced00057372003d6f72672e737072696e676672616d65776f726b2e73656375726974792e636f72652e636f6e746578742e5365637572697479436f6e74657874496d706c000000000000023a0200014c000e61757468656e7469636174696f6e7400324c6f72672f737072696e676672616d65776f726b2f73656375726974792f636f72652f41757468656e7469636174696f6e3b78707372004f6f72672e737072696e676672616d65776f726b2e73656375726974792e61757468656e7469636174696f6e2e557365726e616d6550617373776f726441757468656e7469636174696f6e546f6b656e000000000000023a0200024c000b63726564656e7469616c737400124c6a6176612f6c616e672f4f626a6563743b4c00097072696e636970616c71007e0004787200476f72672e737072696e676672616d65776f726b2e73656375726974792e61757468656e7469636174696f6e2e416273747261637441757468656e7469636174696f6e546f6b656ed3aa287e6e47640e0200035a000d61757468656e746963617465644c000b617574686f7269746965737400164c6a6176612f7574696c2f436f6c6c656374696f6e3b4c000764657461696c7371007e0004787001737200266a6176612e7574696c2e436f6c6c656374696f6e7324556e6d6f6469666961626c654c697374fc0f2531b5ec8e100200014c00046c6973747400104c6a6176612f7574696c2f4c6973743b7872002c6a6176612e7574696c2e436f6c6c656374696f6e7324556e6d6f6469666961626c65436f6c6c656374696f6e19420080cb5ef71e0200014c00016371007e00067870737200136a6176612e7574696c2e41727261794c6973747881d21d99c7619d03000149000473697a65787000000003770400000003737200426f72672e737072696e676672616d65776f726b2e73656375726974792e636f72652e617574686f726974792e53696d706c654772616e746564417574686f72697479000000000000023a0200014c0004726f6c657400124c6a6176612f6c616e672f537472696e673b7870740008626c6f636b696e677371007e000e740004637275647371007e000e74000876696577757365727871007e000d7074003c243261243132244b39314e444265696268777676526c2e54316750334f6f7851795073435a69692f6c61644a6f656543574b394177716e4c494d7869737200326f72672e737072696e676672616d65776f726b2e73656375726974792e636f72652e7573657264657461696c732e55736572000000000000023a0200075a00116163636f756e744e6f6e457870697265645a00106163636f756e744e6f6e4c6f636b65645a001563726564656e7469616c734e6f6e457870697265645a0007656e61626c65644c000b617574686f72697469657374000f4c6a6176612f7574696c2f5365743b4c000870617373776f726471007e000f4c0008757365726e616d6571007e000f787001010101737200256a6176612e7574696c2e436f6c6c656374696f6e7324556e6d6f6469666961626c65536574801d92d18f9b80550200007871007e000a737200116a6176612e7574696c2e54726565536574dd98509395ed875b0300007870737200466f72672e737072696e676672616d65776f726b2e73656375726974792e636f72652e7573657264657461696c732e5573657224417574686f72697479436f6d70617261746f72000000000000023a020000787077040000000371007e001071007e001271007e00147871007e001674000561646d696e
5e07f193-31a9-4927-8560-13d089a7ca8a	SPRING_SECURITY_CONTEXT	\\xaced00057372003d6f72672e737072696e676672616d65776f726b2e73656375726974792e636f72652e636f6e746578742e5365637572697479436f6e74657874496d706c000000000000023a0200014c000e61757468656e7469636174696f6e7400324c6f72672f737072696e676672616d65776f726b2f73656375726974792f636f72652f41757468656e7469636174696f6e3b78707372004f6f72672e737072696e676672616d65776f726b2e73656375726974792e61757468656e7469636174696f6e2e557365726e616d6550617373776f726441757468656e7469636174696f6e546f6b656e000000000000023a0200024c000b63726564656e7469616c737400124c6a6176612f6c616e672f4f626a6563743b4c00097072696e636970616c71007e0004787200476f72672e737072696e676672616d65776f726b2e73656375726974792e61757468656e7469636174696f6e2e416273747261637441757468656e7469636174696f6e546f6b656ed3aa287e6e47640e0200035a000d61757468656e746963617465644c000b617574686f7269746965737400164c6a6176612f7574696c2f436f6c6c656374696f6e3b4c000764657461696c7371007e0004787001737200266a6176612e7574696c2e436f6c6c656374696f6e7324556e6d6f6469666961626c654c697374fc0f2531b5ec8e100200014c00046c6973747400104c6a6176612f7574696c2f4c6973743b7872002c6a6176612e7574696c2e436f6c6c656374696f6e7324556e6d6f6469666961626c65436f6c6c656374696f6e19420080cb5ef71e0200014c00016371007e00067870737200136a6176612e7574696c2e41727261794c6973747881d21d99c7619d03000149000473697a65787000000003770400000003737200426f72672e737072696e676672616d65776f726b2e73656375726974792e636f72652e617574686f726974792e53696d706c654772616e746564417574686f72697479000000000000023a0200014c0004726f6c657400124c6a6176612f6c616e672f537472696e673b7870740008626c6f636b696e677371007e000e740004637275647371007e000e74000876696577757365727871007e000d7074003c243261243132244b39314e444265696268777676526c2e54316750334f6f7851795073435a69692f6c61644a6f656543574b394177716e4c494d7869737200326f72672e737072696e676672616d65776f726b2e73656375726974792e636f72652e7573657264657461696c732e55736572000000000000023a0200075a00116163636f756e744e6f6e457870697265645a00106163636f756e744e6f6e4c6f636b65645a001563726564656e7469616c734e6f6e457870697265645a0007656e61626c65644c000b617574686f72697469657374000f4c6a6176612f7574696c2f5365743b4c000870617373776f726471007e000f4c0008757365726e616d6571007e000f787001010101737200256a6176612e7574696c2e436f6c6c656374696f6e7324556e6d6f6469666961626c65536574801d92d18f9b80550200007871007e000a737200116a6176612e7574696c2e54726565536574dd98509395ed875b0300007870737200466f72672e737072696e676672616d65776f726b2e73656375726974792e636f72652e7573657264657461696c732e5573657224417574686f72697479436f6d70617261746f72000000000000023a020000787077040000000371007e001071007e001271007e00147871007e001674000561646d696e
ecf4ce84-2037-4468-baf8-e0600186365a	SPRING_SECURITY_CONTEXT	\\xaced00057372003d6f72672e737072696e676672616d65776f726b2e73656375726974792e636f72652e636f6e746578742e5365637572697479436f6e74657874496d706c000000000000023a0200014c000e61757468656e7469636174696f6e7400324c6f72672f737072696e676672616d65776f726b2f73656375726974792f636f72652f41757468656e7469636174696f6e3b78707372004f6f72672e737072696e676672616d65776f726b2e73656375726974792e61757468656e7469636174696f6e2e557365726e616d6550617373776f726441757468656e7469636174696f6e546f6b656e000000000000023a0200024c000b63726564656e7469616c737400124c6a6176612f6c616e672f4f626a6563743b4c00097072696e636970616c71007e0004787200476f72672e737072696e676672616d65776f726b2e73656375726974792e61757468656e7469636174696f6e2e416273747261637441757468656e7469636174696f6e546f6b656ed3aa287e6e47640e0200035a000d61757468656e746963617465644c000b617574686f7269746965737400164c6a6176612f7574696c2f436f6c6c656374696f6e3b4c000764657461696c7371007e0004787001737200266a6176612e7574696c2e436f6c6c656374696f6e7324556e6d6f6469666961626c654c697374fc0f2531b5ec8e100200014c00046c6973747400104c6a6176612f7574696c2f4c6973743b7872002c6a6176612e7574696c2e436f6c6c656374696f6e7324556e6d6f6469666961626c65436f6c6c656374696f6e19420080cb5ef71e0200014c00016371007e00067870737200136a6176612e7574696c2e41727261794c6973747881d21d99c7619d03000149000473697a65787000000003770400000003737200426f72672e737072696e676672616d65776f726b2e73656375726974792e636f72652e617574686f726974792e53696d706c654772616e746564417574686f72697479000000000000023a0200014c0004726f6c657400124c6a6176612f6c616e672f537472696e673b7870740008626c6f636b696e677371007e000e740004637275647371007e000e74000876696577757365727871007e000d7074003c243261243132244b39314e444265696268777676526c2e54316750334f6f7851795073435a69692f6c61644a6f656543574b394177716e4c494d7869737200326f72672e737072696e676672616d65776f726b2e73656375726974792e636f72652e7573657264657461696c732e55736572000000000000023a0200075a00116163636f756e744e6f6e457870697265645a00106163636f756e744e6f6e4c6f636b65645a001563726564656e7469616c734e6f6e457870697265645a0007656e61626c65644c000b617574686f72697469657374000f4c6a6176612f7574696c2f5365743b4c000870617373776f726471007e000f4c0008757365726e616d6571007e000f787001010101737200256a6176612e7574696c2e436f6c6c656374696f6e7324556e6d6f6469666961626c65536574801d92d18f9b80550200007871007e000a737200116a6176612e7574696c2e54726565536574dd98509395ed875b0300007870737200466f72672e737072696e676672616d65776f726b2e73656375726974792e636f72652e7573657264657461696c732e5573657224417574686f72697479436f6d70617261746f72000000000000023a020000787077040000000371007e001071007e001271007e00147871007e001674000561646d696e
d4c0b04b-12f5-4493-bdab-598bf6c6f3f1	SPRING_SECURITY_CONTEXT	\\xaced00057372003d6f72672e737072696e676672616d65776f726b2e73656375726974792e636f72652e636f6e746578742e5365637572697479436f6e74657874496d706c000000000000023a0200014c000e61757468656e7469636174696f6e7400324c6f72672f737072696e676672616d65776f726b2f73656375726974792f636f72652f41757468656e7469636174696f6e3b78707372004f6f72672e737072696e676672616d65776f726b2e73656375726974792e61757468656e7469636174696f6e2e557365726e616d6550617373776f726441757468656e7469636174696f6e546f6b656e000000000000023a0200024c000b63726564656e7469616c737400124c6a6176612f6c616e672f4f626a6563743b4c00097072696e636970616c71007e0004787200476f72672e737072696e676672616d65776f726b2e73656375726974792e61757468656e7469636174696f6e2e416273747261637441757468656e7469636174696f6e546f6b656ed3aa287e6e47640e0200035a000d61757468656e746963617465644c000b617574686f7269746965737400164c6a6176612f7574696c2f436f6c6c656374696f6e3b4c000764657461696c7371007e0004787001737200266a6176612e7574696c2e436f6c6c656374696f6e7324556e6d6f6469666961626c654c697374fc0f2531b5ec8e100200014c00046c6973747400104c6a6176612f7574696c2f4c6973743b7872002c6a6176612e7574696c2e436f6c6c656374696f6e7324556e6d6f6469666961626c65436f6c6c656374696f6e19420080cb5ef71e0200014c00016371007e00067870737200136a6176612e7574696c2e41727261794c6973747881d21d99c7619d03000149000473697a65787000000003770400000003737200426f72672e737072696e676672616d65776f726b2e73656375726974792e636f72652e617574686f726974792e53696d706c654772616e746564417574686f72697479000000000000023a0200014c0004726f6c657400124c6a6176612f6c616e672f537472696e673b7870740008626c6f636b696e677371007e000e740004637275647371007e000e74000876696577757365727871007e000d7074003c243261243132244b39314e444265696268777676526c2e54316750334f6f7851795073435a69692f6c61644a6f656543574b394177716e4c494d7869737200326f72672e737072696e676672616d65776f726b2e73656375726974792e636f72652e7573657264657461696c732e55736572000000000000023a0200075a00116163636f756e744e6f6e457870697265645a00106163636f756e744e6f6e4c6f636b65645a001563726564656e7469616c734e6f6e457870697265645a0007656e61626c65644c000b617574686f72697469657374000f4c6a6176612f7574696c2f5365743b4c000870617373776f726471007e000f4c0008757365726e616d6571007e000f787001010101737200256a6176612e7574696c2e436f6c6c656374696f6e7324556e6d6f6469666961626c65536574801d92d18f9b80550200007871007e000a737200116a6176612e7574696c2e54726565536574dd98509395ed875b0300007870737200466f72672e737072696e676672616d65776f726b2e73656375726974792e636f72652e7573657264657461696c732e5573657224417574686f72697479436f6d70617261746f72000000000000023a020000787077040000000371007e001071007e001271007e00147871007e001674000561646d696e
11253237-8eb4-4e72-a497-1b50d9a70950	SPRING_SECURITY_CONTEXT	\\xaced00057372003d6f72672e737072696e676672616d65776f726b2e73656375726974792e636f72652e636f6e746578742e5365637572697479436f6e74657874496d706c000000000000023a0200014c000e61757468656e7469636174696f6e7400324c6f72672f737072696e676672616d65776f726b2f73656375726974792f636f72652f41757468656e7469636174696f6e3b78707372004f6f72672e737072696e676672616d65776f726b2e73656375726974792e61757468656e7469636174696f6e2e557365726e616d6550617373776f726441757468656e7469636174696f6e546f6b656e000000000000023a0200024c000b63726564656e7469616c737400124c6a6176612f6c616e672f4f626a6563743b4c00097072696e636970616c71007e0004787200476f72672e737072696e676672616d65776f726b2e73656375726974792e61757468656e7469636174696f6e2e416273747261637441757468656e7469636174696f6e546f6b656ed3aa287e6e47640e0200035a000d61757468656e746963617465644c000b617574686f7269746965737400164c6a6176612f7574696c2f436f6c6c656374696f6e3b4c000764657461696c7371007e0004787001737200266a6176612e7574696c2e436f6c6c656374696f6e7324556e6d6f6469666961626c654c697374fc0f2531b5ec8e100200014c00046c6973747400104c6a6176612f7574696c2f4c6973743b7872002c6a6176612e7574696c2e436f6c6c656374696f6e7324556e6d6f6469666961626c65436f6c6c656374696f6e19420080cb5ef71e0200014c00016371007e00067870737200136a6176612e7574696c2e41727261794c6973747881d21d99c7619d03000149000473697a65787000000003770400000003737200426f72672e737072696e676672616d65776f726b2e73656375726974792e636f72652e617574686f726974792e53696d706c654772616e746564417574686f72697479000000000000023a0200014c0004726f6c657400124c6a6176612f6c616e672f537472696e673b7870740008626c6f636b696e677371007e000e740004637275647371007e000e74000876696577757365727871007e000d7074003c243261243132244b39314e444265696268777676526c2e54316750334f6f7851795073435a69692f6c61644a6f656543574b394177716e4c494d7869737200326f72672e737072696e676672616d65776f726b2e73656375726974792e636f72652e7573657264657461696c732e55736572000000000000023a0200075a00116163636f756e744e6f6e457870697265645a00106163636f756e744e6f6e4c6f636b65645a001563726564656e7469616c734e6f6e457870697265645a0007656e61626c65644c000b617574686f72697469657374000f4c6a6176612f7574696c2f5365743b4c000870617373776f726471007e000f4c0008757365726e616d6571007e000f787001010101737200256a6176612e7574696c2e436f6c6c656374696f6e7324556e6d6f6469666961626c65536574801d92d18f9b80550200007871007e000a737200116a6176612e7574696c2e54726565536574dd98509395ed875b0300007870737200466f72672e737072696e676672616d65776f726b2e73656375726974792e636f72652e7573657264657461696c732e5573657224417574686f72697479436f6d70617261746f72000000000000023a020000787077040000000371007e001071007e001271007e00147871007e001674000561646d696e
78e4026c-aded-4925-aa8a-498afd6b7ef7	SPRING_SECURITY_CONTEXT	\\xaced00057372003d6f72672e737072696e676672616d65776f726b2e73656375726974792e636f72652e636f6e746578742e5365637572697479436f6e74657874496d706c000000000000023a0200014c000e61757468656e7469636174696f6e7400324c6f72672f737072696e676672616d65776f726b2f73656375726974792f636f72652f41757468656e7469636174696f6e3b78707372004f6f72672e737072696e676672616d65776f726b2e73656375726974792e61757468656e7469636174696f6e2e557365726e616d6550617373776f726441757468656e7469636174696f6e546f6b656e000000000000023a0200024c000b63726564656e7469616c737400124c6a6176612f6c616e672f4f626a6563743b4c00097072696e636970616c71007e0004787200476f72672e737072696e676672616d65776f726b2e73656375726974792e61757468656e7469636174696f6e2e416273747261637441757468656e7469636174696f6e546f6b656ed3aa287e6e47640e0200035a000d61757468656e746963617465644c000b617574686f7269746965737400164c6a6176612f7574696c2f436f6c6c656374696f6e3b4c000764657461696c7371007e0004787001737200266a6176612e7574696c2e436f6c6c656374696f6e7324556e6d6f6469666961626c654c697374fc0f2531b5ec8e100200014c00046c6973747400104c6a6176612f7574696c2f4c6973743b7872002c6a6176612e7574696c2e436f6c6c656374696f6e7324556e6d6f6469666961626c65436f6c6c656374696f6e19420080cb5ef71e0200014c00016371007e00067870737200136a6176612e7574696c2e41727261794c6973747881d21d99c7619d03000149000473697a65787000000003770400000003737200426f72672e737072696e676672616d65776f726b2e73656375726974792e636f72652e617574686f726974792e53696d706c654772616e746564417574686f72697479000000000000023a0200014c0004726f6c657400124c6a6176612f6c616e672f537472696e673b7870740008626c6f636b696e677371007e000e740004637275647371007e000e74000876696577757365727871007e000d7074003c243261243132244b39314e444265696268777676526c2e54316750334f6f7851795073435a69692f6c61644a6f656543574b394177716e4c494d7869737200326f72672e737072696e676672616d65776f726b2e73656375726974792e636f72652e7573657264657461696c732e55736572000000000000023a0200075a00116163636f756e744e6f6e457870697265645a00106163636f756e744e6f6e4c6f636b65645a001563726564656e7469616c734e6f6e457870697265645a0007656e61626c65644c000b617574686f72697469657374000f4c6a6176612f7574696c2f5365743b4c000870617373776f726471007e000f4c0008757365726e616d6571007e000f787001010101737200256a6176612e7574696c2e436f6c6c656374696f6e7324556e6d6f6469666961626c65536574801d92d18f9b80550200007871007e000a737200116a6176612e7574696c2e54726565536574dd98509395ed875b0300007870737200466f72672e737072696e676672616d65776f726b2e73656375726974792e636f72652e7573657264657461696c732e5573657224417574686f72697479436f6d70617261746f72000000000000023a020000787077040000000371007e001071007e001271007e00147871007e001674000561646d696e
254c6979-6a53-43b0-b0df-cc837d449ae1	SPRING_SECURITY_CONTEXT	\\xaced00057372003d6f72672e737072696e676672616d65776f726b2e73656375726974792e636f72652e636f6e746578742e5365637572697479436f6e74657874496d706c000000000000023a0200014c000e61757468656e7469636174696f6e7400324c6f72672f737072696e676672616d65776f726b2f73656375726974792f636f72652f41757468656e7469636174696f6e3b78707372004f6f72672e737072696e676672616d65776f726b2e73656375726974792e61757468656e7469636174696f6e2e557365726e616d6550617373776f726441757468656e7469636174696f6e546f6b656e000000000000023a0200024c000b63726564656e7469616c737400124c6a6176612f6c616e672f4f626a6563743b4c00097072696e636970616c71007e0004787200476f72672e737072696e676672616d65776f726b2e73656375726974792e61757468656e7469636174696f6e2e416273747261637441757468656e7469636174696f6e546f6b656ed3aa287e6e47640e0200035a000d61757468656e746963617465644c000b617574686f7269746965737400164c6a6176612f7574696c2f436f6c6c656374696f6e3b4c000764657461696c7371007e0004787001737200266a6176612e7574696c2e436f6c6c656374696f6e7324556e6d6f6469666961626c654c697374fc0f2531b5ec8e100200014c00046c6973747400104c6a6176612f7574696c2f4c6973743b7872002c6a6176612e7574696c2e436f6c6c656374696f6e7324556e6d6f6469666961626c65436f6c6c656374696f6e19420080cb5ef71e0200014c00016371007e00067870737200136a6176612e7574696c2e41727261794c6973747881d21d99c7619d03000149000473697a65787000000003770400000003737200426f72672e737072696e676672616d65776f726b2e73656375726974792e636f72652e617574686f726974792e53696d706c654772616e746564417574686f72697479000000000000023a0200014c0004726f6c657400124c6a6176612f6c616e672f537472696e673b7870740008626c6f636b696e677371007e000e740004637275647371007e000e74000876696577757365727871007e000d7074003c243261243132244b39314e444265696268777676526c2e54316750334f6f7851795073435a69692f6c61644a6f656543574b394177716e4c494d7869737200326f72672e737072696e676672616d65776f726b2e73656375726974792e636f72652e7573657264657461696c732e55736572000000000000023a0200075a00116163636f756e744e6f6e457870697265645a00106163636f756e744e6f6e4c6f636b65645a001563726564656e7469616c734e6f6e457870697265645a0007656e61626c65644c000b617574686f72697469657374000f4c6a6176612f7574696c2f5365743b4c000870617373776f726471007e000f4c0008757365726e616d6571007e000f787001010101737200256a6176612e7574696c2e436f6c6c656374696f6e7324556e6d6f6469666961626c65536574801d92d18f9b80550200007871007e000a737200116a6176612e7574696c2e54726565536574dd98509395ed875b0300007870737200466f72672e737072696e676672616d65776f726b2e73656375726974792e636f72652e7573657264657461696c732e5573657224417574686f72697479436f6d70617261746f72000000000000023a020000787077040000000371007e001071007e001271007e00147871007e001674000561646d696e
0d42f26a-7e87-446d-afbe-dc1a9ab77f6a	SPRING_SECURITY_CONTEXT	\\xaced00057372003d6f72672e737072696e676672616d65776f726b2e73656375726974792e636f72652e636f6e746578742e5365637572697479436f6e74657874496d706c000000000000023a0200014c000e61757468656e7469636174696f6e7400324c6f72672f737072696e676672616d65776f726b2f73656375726974792f636f72652f41757468656e7469636174696f6e3b78707372004f6f72672e737072696e676672616d65776f726b2e73656375726974792e61757468656e7469636174696f6e2e557365726e616d6550617373776f726441757468656e7469636174696f6e546f6b656e000000000000023a0200024c000b63726564656e7469616c737400124c6a6176612f6c616e672f4f626a6563743b4c00097072696e636970616c71007e0004787200476f72672e737072696e676672616d65776f726b2e73656375726974792e61757468656e7469636174696f6e2e416273747261637441757468656e7469636174696f6e546f6b656ed3aa287e6e47640e0200035a000d61757468656e746963617465644c000b617574686f7269746965737400164c6a6176612f7574696c2f436f6c6c656374696f6e3b4c000764657461696c7371007e0004787001737200266a6176612e7574696c2e436f6c6c656374696f6e7324556e6d6f6469666961626c654c697374fc0f2531b5ec8e100200014c00046c6973747400104c6a6176612f7574696c2f4c6973743b7872002c6a6176612e7574696c2e436f6c6c656374696f6e7324556e6d6f6469666961626c65436f6c6c656374696f6e19420080cb5ef71e0200014c00016371007e00067870737200136a6176612e7574696c2e41727261794c6973747881d21d99c7619d03000149000473697a65787000000003770400000003737200426f72672e737072696e676672616d65776f726b2e73656375726974792e636f72652e617574686f726974792e53696d706c654772616e746564417574686f72697479000000000000023a0200014c0004726f6c657400124c6a6176612f6c616e672f537472696e673b7870740008626c6f636b696e677371007e000e740004637275647371007e000e74000876696577757365727871007e000d7074003c243261243132244b39314e444265696268777676526c2e54316750334f6f7851795073435a69692f6c61644a6f656543574b394177716e4c494d7869737200326f72672e737072696e676672616d65776f726b2e73656375726974792e636f72652e7573657264657461696c732e55736572000000000000023a0200075a00116163636f756e744e6f6e457870697265645a00106163636f756e744e6f6e4c6f636b65645a001563726564656e7469616c734e6f6e457870697265645a0007656e61626c65644c000b617574686f72697469657374000f4c6a6176612f7574696c2f5365743b4c000870617373776f726471007e000f4c0008757365726e616d6571007e000f787001010101737200256a6176612e7574696c2e436f6c6c656374696f6e7324556e6d6f6469666961626c65536574801d92d18f9b80550200007871007e000a737200116a6176612e7574696c2e54726565536574dd98509395ed875b0300007870737200466f72672e737072696e676672616d65776f726b2e73656375726974792e636f72652e7573657264657461696c732e5573657224417574686f72697479436f6d70617261746f72000000000000023a020000787077040000000371007e001071007e001271007e00147871007e001674000561646d696e
20d6c0ef-f0d5-45b8-942b-27614b36cb83	SPRING_SECURITY_CONTEXT	\\xaced00057372003d6f72672e737072696e676672616d65776f726b2e73656375726974792e636f72652e636f6e746578742e5365637572697479436f6e74657874496d706c000000000000023a0200014c000e61757468656e7469636174696f6e7400324c6f72672f737072696e676672616d65776f726b2f73656375726974792f636f72652f41757468656e7469636174696f6e3b78707372004f6f72672e737072696e676672616d65776f726b2e73656375726974792e61757468656e7469636174696f6e2e557365726e616d6550617373776f726441757468656e7469636174696f6e546f6b656e000000000000023a0200024c000b63726564656e7469616c737400124c6a6176612f6c616e672f4f626a6563743b4c00097072696e636970616c71007e0004787200476f72672e737072696e676672616d65776f726b2e73656375726974792e61757468656e7469636174696f6e2e416273747261637441757468656e7469636174696f6e546f6b656ed3aa287e6e47640e0200035a000d61757468656e746963617465644c000b617574686f7269746965737400164c6a6176612f7574696c2f436f6c6c656374696f6e3b4c000764657461696c7371007e0004787001737200266a6176612e7574696c2e436f6c6c656374696f6e7324556e6d6f6469666961626c654c697374fc0f2531b5ec8e100200014c00046c6973747400104c6a6176612f7574696c2f4c6973743b7872002c6a6176612e7574696c2e436f6c6c656374696f6e7324556e6d6f6469666961626c65436f6c6c656374696f6e19420080cb5ef71e0200014c00016371007e00067870737200136a6176612e7574696c2e41727261794c6973747881d21d99c7619d03000149000473697a65787000000003770400000003737200426f72672e737072696e676672616d65776f726b2e73656375726974792e636f72652e617574686f726974792e53696d706c654772616e746564417574686f72697479000000000000023a0200014c0004726f6c657400124c6a6176612f6c616e672f537472696e673b7870740008626c6f636b696e677371007e000e740004637275647371007e000e74000876696577757365727871007e000d7074003c243261243132244b39314e444265696268777676526c2e54316750334f6f7851795073435a69692f6c61644a6f656543574b394177716e4c494d7869737200326f72672e737072696e676672616d65776f726b2e73656375726974792e636f72652e7573657264657461696c732e55736572000000000000023a0200075a00116163636f756e744e6f6e457870697265645a00106163636f756e744e6f6e4c6f636b65645a001563726564656e7469616c734e6f6e457870697265645a0007656e61626c65644c000b617574686f72697469657374000f4c6a6176612f7574696c2f5365743b4c000870617373776f726471007e000f4c0008757365726e616d6571007e000f787001010101737200256a6176612e7574696c2e436f6c6c656374696f6e7324556e6d6f6469666961626c65536574801d92d18f9b80550200007871007e000a737200116a6176612e7574696c2e54726565536574dd98509395ed875b0300007870737200466f72672e737072696e676672616d65776f726b2e73656375726974792e636f72652e7573657264657461696c732e5573657224417574686f72697479436f6d70617261746f72000000000000023a020000787077040000000371007e001071007e001271007e00147871007e001674000561646d696e
258a312c-00e4-44a6-9408-2ebf078d44eb	SPRING_SECURITY_CONTEXT	\\xaced00057372003d6f72672e737072696e676672616d65776f726b2e73656375726974792e636f72652e636f6e746578742e5365637572697479436f6e74657874496d706c000000000000023a0200014c000e61757468656e7469636174696f6e7400324c6f72672f737072696e676672616d65776f726b2f73656375726974792f636f72652f41757468656e7469636174696f6e3b78707372004f6f72672e737072696e676672616d65776f726b2e73656375726974792e61757468656e7469636174696f6e2e557365726e616d6550617373776f726441757468656e7469636174696f6e546f6b656e000000000000023a0200024c000b63726564656e7469616c737400124c6a6176612f6c616e672f4f626a6563743b4c00097072696e636970616c71007e0004787200476f72672e737072696e676672616d65776f726b2e73656375726974792e61757468656e7469636174696f6e2e416273747261637441757468656e7469636174696f6e546f6b656ed3aa287e6e47640e0200035a000d61757468656e746963617465644c000b617574686f7269746965737400164c6a6176612f7574696c2f436f6c6c656374696f6e3b4c000764657461696c7371007e0004787001737200266a6176612e7574696c2e436f6c6c656374696f6e7324556e6d6f6469666961626c654c697374fc0f2531b5ec8e100200014c00046c6973747400104c6a6176612f7574696c2f4c6973743b7872002c6a6176612e7574696c2e436f6c6c656374696f6e7324556e6d6f6469666961626c65436f6c6c656374696f6e19420080cb5ef71e0200014c00016371007e00067870737200136a6176612e7574696c2e41727261794c6973747881d21d99c7619d03000149000473697a65787000000003770400000003737200426f72672e737072696e676672616d65776f726b2e73656375726974792e636f72652e617574686f726974792e53696d706c654772616e746564417574686f72697479000000000000023a0200014c0004726f6c657400124c6a6176612f6c616e672f537472696e673b7870740008626c6f636b696e677371007e000e740004637275647371007e000e74000876696577757365727871007e000d7074003c243261243132244b39314e444265696268777676526c2e54316750334f6f7851795073435a69692f6c61644a6f656543574b394177716e4c494d7869737200326f72672e737072696e676672616d65776f726b2e73656375726974792e636f72652e7573657264657461696c732e55736572000000000000023a0200075a00116163636f756e744e6f6e457870697265645a00106163636f756e744e6f6e4c6f636b65645a001563726564656e7469616c734e6f6e457870697265645a0007656e61626c65644c000b617574686f72697469657374000f4c6a6176612f7574696c2f5365743b4c000870617373776f726471007e000f4c0008757365726e616d6571007e000f787001010101737200256a6176612e7574696c2e436f6c6c656374696f6e7324556e6d6f6469666961626c65536574801d92d18f9b80550200007871007e000a737200116a6176612e7574696c2e54726565536574dd98509395ed875b0300007870737200466f72672e737072696e676672616d65776f726b2e73656375726974792e636f72652e7573657264657461696c732e5573657224417574686f72697479436f6d70617261746f72000000000000023a020000787077040000000371007e001071007e001271007e00147871007e001674000561646d696e
b3361c42-6967-4de5-a56c-c386a38fc497	SPRING_SECURITY_CONTEXT	\\xaced00057372003d6f72672e737072696e676672616d65776f726b2e73656375726974792e636f72652e636f6e746578742e5365637572697479436f6e74657874496d706c000000000000023a0200014c000e61757468656e7469636174696f6e7400324c6f72672f737072696e676672616d65776f726b2f73656375726974792f636f72652f41757468656e7469636174696f6e3b78707372004f6f72672e737072696e676672616d65776f726b2e73656375726974792e61757468656e7469636174696f6e2e557365726e616d6550617373776f726441757468656e7469636174696f6e546f6b656e000000000000023a0200024c000b63726564656e7469616c737400124c6a6176612f6c616e672f4f626a6563743b4c00097072696e636970616c71007e0004787200476f72672e737072696e676672616d65776f726b2e73656375726974792e61757468656e7469636174696f6e2e416273747261637441757468656e7469636174696f6e546f6b656ed3aa287e6e47640e0200035a000d61757468656e746963617465644c000b617574686f7269746965737400164c6a6176612f7574696c2f436f6c6c656374696f6e3b4c000764657461696c7371007e0004787001737200266a6176612e7574696c2e436f6c6c656374696f6e7324556e6d6f6469666961626c654c697374fc0f2531b5ec8e100200014c00046c6973747400104c6a6176612f7574696c2f4c6973743b7872002c6a6176612e7574696c2e436f6c6c656374696f6e7324556e6d6f6469666961626c65436f6c6c656374696f6e19420080cb5ef71e0200014c00016371007e00067870737200136a6176612e7574696c2e41727261794c6973747881d21d99c7619d03000149000473697a65787000000003770400000003737200426f72672e737072696e676672616d65776f726b2e73656375726974792e636f72652e617574686f726974792e53696d706c654772616e746564417574686f72697479000000000000023a0200014c0004726f6c657400124c6a6176612f6c616e672f537472696e673b7870740008626c6f636b696e677371007e000e740004637275647371007e000e74000876696577757365727871007e000d7074003c243261243132244b39314e444265696268777676526c2e54316750334f6f7851795073435a69692f6c61644a6f656543574b394177716e4c494d7869737200326f72672e737072696e676672616d65776f726b2e73656375726974792e636f72652e7573657264657461696c732e55736572000000000000023a0200075a00116163636f756e744e6f6e457870697265645a00106163636f756e744e6f6e4c6f636b65645a001563726564656e7469616c734e6f6e457870697265645a0007656e61626c65644c000b617574686f72697469657374000f4c6a6176612f7574696c2f5365743b4c000870617373776f726471007e000f4c0008757365726e616d6571007e000f787001010101737200256a6176612e7574696c2e436f6c6c656374696f6e7324556e6d6f6469666961626c65536574801d92d18f9b80550200007871007e000a737200116a6176612e7574696c2e54726565536574dd98509395ed875b0300007870737200466f72672e737072696e676672616d65776f726b2e73656375726974792e636f72652e7573657264657461696c732e5573657224417574686f72697479436f6d70617261746f72000000000000023a020000787077040000000371007e001071007e001271007e00147871007e001674000561646d696e
56c719f9-b422-4092-94f7-3513952372a0	SPRING_SECURITY_CONTEXT	\\xaced00057372003d6f72672e737072696e676672616d65776f726b2e73656375726974792e636f72652e636f6e746578742e5365637572697479436f6e74657874496d706c000000000000023a0200014c000e61757468656e7469636174696f6e7400324c6f72672f737072696e676672616d65776f726b2f73656375726974792f636f72652f41757468656e7469636174696f6e3b78707372004f6f72672e737072696e676672616d65776f726b2e73656375726974792e61757468656e7469636174696f6e2e557365726e616d6550617373776f726441757468656e7469636174696f6e546f6b656e000000000000023a0200024c000b63726564656e7469616c737400124c6a6176612f6c616e672f4f626a6563743b4c00097072696e636970616c71007e0004787200476f72672e737072696e676672616d65776f726b2e73656375726974792e61757468656e7469636174696f6e2e416273747261637441757468656e7469636174696f6e546f6b656ed3aa287e6e47640e0200035a000d61757468656e746963617465644c000b617574686f7269746965737400164c6a6176612f7574696c2f436f6c6c656374696f6e3b4c000764657461696c7371007e0004787001737200266a6176612e7574696c2e436f6c6c656374696f6e7324556e6d6f6469666961626c654c697374fc0f2531b5ec8e100200014c00046c6973747400104c6a6176612f7574696c2f4c6973743b7872002c6a6176612e7574696c2e436f6c6c656374696f6e7324556e6d6f6469666961626c65436f6c6c656374696f6e19420080cb5ef71e0200014c00016371007e00067870737200136a6176612e7574696c2e41727261794c6973747881d21d99c7619d03000149000473697a65787000000003770400000003737200426f72672e737072696e676672616d65776f726b2e73656375726974792e636f72652e617574686f726974792e53696d706c654772616e746564417574686f72697479000000000000023a0200014c0004726f6c657400124c6a6176612f6c616e672f537472696e673b7870740008626c6f636b696e677371007e000e740004637275647371007e000e74000876696577757365727871007e000d7074003c243261243132244b39314e444265696268777676526c2e54316750334f6f7851795073435a69692f6c61644a6f656543574b394177716e4c494d7869737200326f72672e737072696e676672616d65776f726b2e73656375726974792e636f72652e7573657264657461696c732e55736572000000000000023a0200075a00116163636f756e744e6f6e457870697265645a00106163636f756e744e6f6e4c6f636b65645a001563726564656e7469616c734e6f6e457870697265645a0007656e61626c65644c000b617574686f72697469657374000f4c6a6176612f7574696c2f5365743b4c000870617373776f726471007e000f4c0008757365726e616d6571007e000f787001010101737200256a6176612e7574696c2e436f6c6c656374696f6e7324556e6d6f6469666961626c65536574801d92d18f9b80550200007871007e000a737200116a6176612e7574696c2e54726565536574dd98509395ed875b0300007870737200466f72672e737072696e676672616d65776f726b2e73656375726974792e636f72652e7573657264657461696c732e5573657224417574686f72697479436f6d70617261746f72000000000000023a020000787077040000000371007e001071007e001271007e00147871007e001674000561646d696e
8af23e02-6f3f-4839-9d7a-7457c53ce687	SPRING_SECURITY_CONTEXT	\\xaced00057372003d6f72672e737072696e676672616d65776f726b2e73656375726974792e636f72652e636f6e746578742e5365637572697479436f6e74657874496d706c000000000000023a0200014c000e61757468656e7469636174696f6e7400324c6f72672f737072696e676672616d65776f726b2f73656375726974792f636f72652f41757468656e7469636174696f6e3b78707372004f6f72672e737072696e676672616d65776f726b2e73656375726974792e61757468656e7469636174696f6e2e557365726e616d6550617373776f726441757468656e7469636174696f6e546f6b656e000000000000023a0200024c000b63726564656e7469616c737400124c6a6176612f6c616e672f4f626a6563743b4c00097072696e636970616c71007e0004787200476f72672e737072696e676672616d65776f726b2e73656375726974792e61757468656e7469636174696f6e2e416273747261637441757468656e7469636174696f6e546f6b656ed3aa287e6e47640e0200035a000d61757468656e746963617465644c000b617574686f7269746965737400164c6a6176612f7574696c2f436f6c6c656374696f6e3b4c000764657461696c7371007e0004787001737200266a6176612e7574696c2e436f6c6c656374696f6e7324556e6d6f6469666961626c654c697374fc0f2531b5ec8e100200014c00046c6973747400104c6a6176612f7574696c2f4c6973743b7872002c6a6176612e7574696c2e436f6c6c656374696f6e7324556e6d6f6469666961626c65436f6c6c656374696f6e19420080cb5ef71e0200014c00016371007e00067870737200136a6176612e7574696c2e41727261794c6973747881d21d99c7619d03000149000473697a65787000000003770400000003737200426f72672e737072696e676672616d65776f726b2e73656375726974792e636f72652e617574686f726974792e53696d706c654772616e746564417574686f72697479000000000000023a0200014c0004726f6c657400124c6a6176612f6c616e672f537472696e673b7870740008626c6f636b696e677371007e000e740004637275647371007e000e74000876696577757365727871007e000d7074003c243261243132244b39314e444265696268777676526c2e54316750334f6f7851795073435a69692f6c61644a6f656543574b394177716e4c494d7869737200326f72672e737072696e676672616d65776f726b2e73656375726974792e636f72652e7573657264657461696c732e55736572000000000000023a0200075a00116163636f756e744e6f6e457870697265645a00106163636f756e744e6f6e4c6f636b65645a001563726564656e7469616c734e6f6e457870697265645a0007656e61626c65644c000b617574686f72697469657374000f4c6a6176612f7574696c2f5365743b4c000870617373776f726471007e000f4c0008757365726e616d6571007e000f787001010101737200256a6176612e7574696c2e436f6c6c656374696f6e7324556e6d6f6469666961626c65536574801d92d18f9b80550200007871007e000a737200116a6176612e7574696c2e54726565536574dd98509395ed875b0300007870737200466f72672e737072696e676672616d65776f726b2e73656375726974792e636f72652e7573657264657461696c732e5573657224417574686f72697479436f6d70617261746f72000000000000023a020000787077040000000371007e001071007e001271007e00147871007e001674000561646d696e
82b35c92-6365-47e6-9a2a-67dbd79915e0	SPRING_SECURITY_CONTEXT	\\xaced00057372003d6f72672e737072696e676672616d65776f726b2e73656375726974792e636f72652e636f6e746578742e5365637572697479436f6e74657874496d706c000000000000023a0200014c000e61757468656e7469636174696f6e7400324c6f72672f737072696e676672616d65776f726b2f73656375726974792f636f72652f41757468656e7469636174696f6e3b78707372004f6f72672e737072696e676672616d65776f726b2e73656375726974792e61757468656e7469636174696f6e2e557365726e616d6550617373776f726441757468656e7469636174696f6e546f6b656e000000000000023a0200024c000b63726564656e7469616c737400124c6a6176612f6c616e672f4f626a6563743b4c00097072696e636970616c71007e0004787200476f72672e737072696e676672616d65776f726b2e73656375726974792e61757468656e7469636174696f6e2e416273747261637441757468656e7469636174696f6e546f6b656ed3aa287e6e47640e0200035a000d61757468656e746963617465644c000b617574686f7269746965737400164c6a6176612f7574696c2f436f6c6c656374696f6e3b4c000764657461696c7371007e0004787001737200266a6176612e7574696c2e436f6c6c656374696f6e7324556e6d6f6469666961626c654c697374fc0f2531b5ec8e100200014c00046c6973747400104c6a6176612f7574696c2f4c6973743b7872002c6a6176612e7574696c2e436f6c6c656374696f6e7324556e6d6f6469666961626c65436f6c6c656374696f6e19420080cb5ef71e0200014c00016371007e00067870737200136a6176612e7574696c2e41727261794c6973747881d21d99c7619d03000149000473697a65787000000003770400000003737200426f72672e737072696e676672616d65776f726b2e73656375726974792e636f72652e617574686f726974792e53696d706c654772616e746564417574686f72697479000000000000023a0200014c0004726f6c657400124c6a6176612f6c616e672f537472696e673b7870740008626c6f636b696e677371007e000e740004637275647371007e000e74000876696577757365727871007e000d7074003c243261243132244b39314e444265696268777676526c2e54316750334f6f7851795073435a69692f6c61644a6f656543574b394177716e4c494d7869737200326f72672e737072696e676672616d65776f726b2e73656375726974792e636f72652e7573657264657461696c732e55736572000000000000023a0200075a00116163636f756e744e6f6e457870697265645a00106163636f756e744e6f6e4c6f636b65645a001563726564656e7469616c734e6f6e457870697265645a0007656e61626c65644c000b617574686f72697469657374000f4c6a6176612f7574696c2f5365743b4c000870617373776f726471007e000f4c0008757365726e616d6571007e000f787001010101737200256a6176612e7574696c2e436f6c6c656374696f6e7324556e6d6f6469666961626c65536574801d92d18f9b80550200007871007e000a737200116a6176612e7574696c2e54726565536574dd98509395ed875b0300007870737200466f72672e737072696e676672616d65776f726b2e73656375726974792e636f72652e7573657264657461696c732e5573657224417574686f72697479436f6d70617261746f72000000000000023a020000787077040000000371007e001071007e001271007e00147871007e001674000561646d696e
2bc0f28f-c625-4422-9fe3-81a099db1c16	SPRING_SECURITY_CONTEXT	\\xaced00057372003d6f72672e737072696e676672616d65776f726b2e73656375726974792e636f72652e636f6e746578742e5365637572697479436f6e74657874496d706c000000000000023a0200014c000e61757468656e7469636174696f6e7400324c6f72672f737072696e676672616d65776f726b2f73656375726974792f636f72652f41757468656e7469636174696f6e3b78707372004f6f72672e737072696e676672616d65776f726b2e73656375726974792e61757468656e7469636174696f6e2e557365726e616d6550617373776f726441757468656e7469636174696f6e546f6b656e000000000000023a0200024c000b63726564656e7469616c737400124c6a6176612f6c616e672f4f626a6563743b4c00097072696e636970616c71007e0004787200476f72672e737072696e676672616d65776f726b2e73656375726974792e61757468656e7469636174696f6e2e416273747261637441757468656e7469636174696f6e546f6b656ed3aa287e6e47640e0200035a000d61757468656e746963617465644c000b617574686f7269746965737400164c6a6176612f7574696c2f436f6c6c656374696f6e3b4c000764657461696c7371007e0004787001737200266a6176612e7574696c2e436f6c6c656374696f6e7324556e6d6f6469666961626c654c697374fc0f2531b5ec8e100200014c00046c6973747400104c6a6176612f7574696c2f4c6973743b7872002c6a6176612e7574696c2e436f6c6c656374696f6e7324556e6d6f6469666961626c65436f6c6c656374696f6e19420080cb5ef71e0200014c00016371007e00067870737200136a6176612e7574696c2e41727261794c6973747881d21d99c7619d03000149000473697a65787000000003770400000003737200426f72672e737072696e676672616d65776f726b2e73656375726974792e636f72652e617574686f726974792e53696d706c654772616e746564417574686f72697479000000000000023a0200014c0004726f6c657400124c6a6176612f6c616e672f537472696e673b7870740008626c6f636b696e677371007e000e740004637275647371007e000e74000876696577757365727871007e000d7074003c243261243132244b39314e444265696268777676526c2e54316750334f6f7851795073435a69692f6c61644a6f656543574b394177716e4c494d7869737200326f72672e737072696e676672616d65776f726b2e73656375726974792e636f72652e7573657264657461696c732e55736572000000000000023a0200075a00116163636f756e744e6f6e457870697265645a00106163636f756e744e6f6e4c6f636b65645a001563726564656e7469616c734e6f6e457870697265645a0007656e61626c65644c000b617574686f72697469657374000f4c6a6176612f7574696c2f5365743b4c000870617373776f726471007e000f4c0008757365726e616d6571007e000f787001010101737200256a6176612e7574696c2e436f6c6c656374696f6e7324556e6d6f6469666961626c65536574801d92d18f9b80550200007871007e000a737200116a6176612e7574696c2e54726565536574dd98509395ed875b0300007870737200466f72672e737072696e676672616d65776f726b2e73656375726974792e636f72652e7573657264657461696c732e5573657224417574686f72697479436f6d70617261746f72000000000000023a020000787077040000000371007e001071007e001271007e00147871007e001674000561646d696e
e5207dbf-15e7-4b23-92a8-de5aee0c449a	SPRING_SECURITY_CONTEXT	\\xaced00057372003d6f72672e737072696e676672616d65776f726b2e73656375726974792e636f72652e636f6e746578742e5365637572697479436f6e74657874496d706c000000000000023a0200014c000e61757468656e7469636174696f6e7400324c6f72672f737072696e676672616d65776f726b2f73656375726974792f636f72652f41757468656e7469636174696f6e3b78707372004f6f72672e737072696e676672616d65776f726b2e73656375726974792e61757468656e7469636174696f6e2e557365726e616d6550617373776f726441757468656e7469636174696f6e546f6b656e000000000000023a0200024c000b63726564656e7469616c737400124c6a6176612f6c616e672f4f626a6563743b4c00097072696e636970616c71007e0004787200476f72672e737072696e676672616d65776f726b2e73656375726974792e61757468656e7469636174696f6e2e416273747261637441757468656e7469636174696f6e546f6b656ed3aa287e6e47640e0200035a000d61757468656e746963617465644c000b617574686f7269746965737400164c6a6176612f7574696c2f436f6c6c656374696f6e3b4c000764657461696c7371007e0004787001737200266a6176612e7574696c2e436f6c6c656374696f6e7324556e6d6f6469666961626c654c697374fc0f2531b5ec8e100200014c00046c6973747400104c6a6176612f7574696c2f4c6973743b7872002c6a6176612e7574696c2e436f6c6c656374696f6e7324556e6d6f6469666961626c65436f6c6c656374696f6e19420080cb5ef71e0200014c00016371007e00067870737200136a6176612e7574696c2e41727261794c6973747881d21d99c7619d03000149000473697a65787000000003770400000003737200426f72672e737072696e676672616d65776f726b2e73656375726974792e636f72652e617574686f726974792e53696d706c654772616e746564417574686f72697479000000000000023a0200014c0004726f6c657400124c6a6176612f6c616e672f537472696e673b7870740008626c6f636b696e677371007e000e740004637275647371007e000e74000876696577757365727871007e000d7074003c243261243132244b39314e444265696268777676526c2e54316750334f6f7851795073435a69692f6c61644a6f656543574b394177716e4c494d7869737200326f72672e737072696e676672616d65776f726b2e73656375726974792e636f72652e7573657264657461696c732e55736572000000000000023a0200075a00116163636f756e744e6f6e457870697265645a00106163636f756e744e6f6e4c6f636b65645a001563726564656e7469616c734e6f6e457870697265645a0007656e61626c65644c000b617574686f72697469657374000f4c6a6176612f7574696c2f5365743b4c000870617373776f726471007e000f4c0008757365726e616d6571007e000f787001010101737200256a6176612e7574696c2e436f6c6c656374696f6e7324556e6d6f6469666961626c65536574801d92d18f9b80550200007871007e000a737200116a6176612e7574696c2e54726565536574dd98509395ed875b0300007870737200466f72672e737072696e676672616d65776f726b2e73656375726974792e636f72652e7573657264657461696c732e5573657224417574686f72697479436f6d70617261746f72000000000000023a020000787077040000000371007e001071007e001271007e00147871007e001674000561646d696e
e88c6ea6-3b24-4dd9-accc-e7e50a64680b	SPRING_SECURITY_CONTEXT	\\xaced00057372003d6f72672e737072696e676672616d65776f726b2e73656375726974792e636f72652e636f6e746578742e5365637572697479436f6e74657874496d706c000000000000023a0200014c000e61757468656e7469636174696f6e7400324c6f72672f737072696e676672616d65776f726b2f73656375726974792f636f72652f41757468656e7469636174696f6e3b78707372004f6f72672e737072696e676672616d65776f726b2e73656375726974792e61757468656e7469636174696f6e2e557365726e616d6550617373776f726441757468656e7469636174696f6e546f6b656e000000000000023a0200024c000b63726564656e7469616c737400124c6a6176612f6c616e672f4f626a6563743b4c00097072696e636970616c71007e0004787200476f72672e737072696e676672616d65776f726b2e73656375726974792e61757468656e7469636174696f6e2e416273747261637441757468656e7469636174696f6e546f6b656ed3aa287e6e47640e0200035a000d61757468656e746963617465644c000b617574686f7269746965737400164c6a6176612f7574696c2f436f6c6c656374696f6e3b4c000764657461696c7371007e0004787001737200266a6176612e7574696c2e436f6c6c656374696f6e7324556e6d6f6469666961626c654c697374fc0f2531b5ec8e100200014c00046c6973747400104c6a6176612f7574696c2f4c6973743b7872002c6a6176612e7574696c2e436f6c6c656374696f6e7324556e6d6f6469666961626c65436f6c6c656374696f6e19420080cb5ef71e0200014c00016371007e00067870737200136a6176612e7574696c2e41727261794c6973747881d21d99c7619d03000149000473697a65787000000001770400000001737200426f72672e737072696e676672616d65776f726b2e73656375726974792e636f72652e617574686f726974792e53696d706c654772616e746564417574686f72697479000000000000023a0200014c0004726f6c657400124c6a6176612f6c616e672f537472696e673b7870740004637275647871007e000d7074003c243261243132244172353930674f732f5453387564304c744774686f4f4f7874564c7349342f4a725655537470396c65315365696937446c374f4b47737200326f72672e737072696e676672616d65776f726b2e73656375726974792e636f72652e7573657264657461696c732e55736572000000000000023a0200075a00116163636f756e744e6f6e457870697265645a00106163636f756e744e6f6e4c6f636b65645a001563726564656e7469616c734e6f6e457870697265645a0007656e61626c65644c000b617574686f72697469657374000f4c6a6176612f7574696c2f5365743b4c000870617373776f726471007e000f4c0008757365726e616d6571007e000f787001010101737200256a6176612e7574696c2e436f6c6c656374696f6e7324556e6d6f6469666961626c65536574801d92d18f9b80550200007871007e000a737200116a6176612e7574696c2e54726565536574dd98509395ed875b0300007870737200466f72672e737072696e676672616d65776f726b2e73656375726974792e636f72652e7573657264657461696c732e5573657224417574686f72697479436f6d70617261746f72000000000000023a020000787077040000000171007e00107871007e001274000475736572
376ed3d3-6211-4405-a035-560a918bdba6	SPRING_SECURITY_CONTEXT	\\xaced00057372003d6f72672e737072696e676672616d65776f726b2e73656375726974792e636f72652e636f6e746578742e5365637572697479436f6e74657874496d706c000000000000023a0200014c000e61757468656e7469636174696f6e7400324c6f72672f737072696e676672616d65776f726b2f73656375726974792f636f72652f41757468656e7469636174696f6e3b78707372004f6f72672e737072696e676672616d65776f726b2e73656375726974792e61757468656e7469636174696f6e2e557365726e616d6550617373776f726441757468656e7469636174696f6e546f6b656e000000000000023a0200024c000b63726564656e7469616c737400124c6a6176612f6c616e672f4f626a6563743b4c00097072696e636970616c71007e0004787200476f72672e737072696e676672616d65776f726b2e73656375726974792e61757468656e7469636174696f6e2e416273747261637441757468656e7469636174696f6e546f6b656ed3aa287e6e47640e0200035a000d61757468656e746963617465644c000b617574686f7269746965737400164c6a6176612f7574696c2f436f6c6c656374696f6e3b4c000764657461696c7371007e0004787001737200266a6176612e7574696c2e436f6c6c656374696f6e7324556e6d6f6469666961626c654c697374fc0f2531b5ec8e100200014c00046c6973747400104c6a6176612f7574696c2f4c6973743b7872002c6a6176612e7574696c2e436f6c6c656374696f6e7324556e6d6f6469666961626c65436f6c6c656374696f6e19420080cb5ef71e0200014c00016371007e00067870737200136a6176612e7574696c2e41727261794c6973747881d21d99c7619d03000149000473697a65787000000001770400000001737200426f72672e737072696e676672616d65776f726b2e73656375726974792e636f72652e617574686f726974792e53696d706c654772616e746564417574686f72697479000000000000023a0200014c0004726f6c657400124c6a6176612f6c616e672f537472696e673b7870740004637275647871007e000d7074003c243261243132244172353930674f732f5453387564304c744774686f4f4f7874564c7349342f4a725655537470396c65315365696937446c374f4b47737200326f72672e737072696e676672616d65776f726b2e73656375726974792e636f72652e7573657264657461696c732e55736572000000000000023a0200075a00116163636f756e744e6f6e457870697265645a00106163636f756e744e6f6e4c6f636b65645a001563726564656e7469616c734e6f6e457870697265645a0007656e61626c65644c000b617574686f72697469657374000f4c6a6176612f7574696c2f5365743b4c000870617373776f726471007e000f4c0008757365726e616d6571007e000f787001010101737200256a6176612e7574696c2e436f6c6c656374696f6e7324556e6d6f6469666961626c65536574801d92d18f9b80550200007871007e000a737200116a6176612e7574696c2e54726565536574dd98509395ed875b0300007870737200466f72672e737072696e676672616d65776f726b2e73656375726974792e636f72652e7573657264657461696c732e5573657224417574686f72697479436f6d70617261746f72000000000000023a020000787077040000000171007e00107871007e001274000475736572
3dfee071-829d-4f99-8e63-cdfb886be383	SPRING_SECURITY_CONTEXT	\\xaced00057372003d6f72672e737072696e676672616d65776f726b2e73656375726974792e636f72652e636f6e746578742e5365637572697479436f6e74657874496d706c000000000000023a0200014c000e61757468656e7469636174696f6e7400324c6f72672f737072696e676672616d65776f726b2f73656375726974792f636f72652f41757468656e7469636174696f6e3b78707372004f6f72672e737072696e676672616d65776f726b2e73656375726974792e61757468656e7469636174696f6e2e557365726e616d6550617373776f726441757468656e7469636174696f6e546f6b656e000000000000023a0200024c000b63726564656e7469616c737400124c6a6176612f6c616e672f4f626a6563743b4c00097072696e636970616c71007e0004787200476f72672e737072696e676672616d65776f726b2e73656375726974792e61757468656e7469636174696f6e2e416273747261637441757468656e7469636174696f6e546f6b656ed3aa287e6e47640e0200035a000d61757468656e746963617465644c000b617574686f7269746965737400164c6a6176612f7574696c2f436f6c6c656374696f6e3b4c000764657461696c7371007e0004787001737200266a6176612e7574696c2e436f6c6c656374696f6e7324556e6d6f6469666961626c654c697374fc0f2531b5ec8e100200014c00046c6973747400104c6a6176612f7574696c2f4c6973743b7872002c6a6176612e7574696c2e436f6c6c656374696f6e7324556e6d6f6469666961626c65436f6c6c656374696f6e19420080cb5ef71e0200014c00016371007e00067870737200136a6176612e7574696c2e41727261794c6973747881d21d99c7619d03000149000473697a65787000000001770400000001737200426f72672e737072696e676672616d65776f726b2e73656375726974792e636f72652e617574686f726974792e53696d706c654772616e746564417574686f72697479000000000000023a0200014c0004726f6c657400124c6a6176612f6c616e672f537472696e673b7870740004637275647871007e000d7074003c243261243132244172353930674f732f5453387564304c744774686f4f4f7874564c7349342f4a725655537470396c65315365696937446c374f4b47737200326f72672e737072696e676672616d65776f726b2e73656375726974792e636f72652e7573657264657461696c732e55736572000000000000023a0200075a00116163636f756e744e6f6e457870697265645a00106163636f756e744e6f6e4c6f636b65645a001563726564656e7469616c734e6f6e457870697265645a0007656e61626c65644c000b617574686f72697469657374000f4c6a6176612f7574696c2f5365743b4c000870617373776f726471007e000f4c0008757365726e616d6571007e000f787001010101737200256a6176612e7574696c2e436f6c6c656374696f6e7324556e6d6f6469666961626c65536574801d92d18f9b80550200007871007e000a737200116a6176612e7574696c2e54726565536574dd98509395ed875b0300007870737200466f72672e737072696e676672616d65776f726b2e73656375726974792e636f72652e7573657264657461696c732e5573657224417574686f72697479436f6d70617261746f72000000000000023a020000787077040000000171007e00107871007e001274000475736572
3154a61d-8b4e-4acb-9bc2-c39ab46da93e	SPRING_SECURITY_CONTEXT	\\xaced00057372003d6f72672e737072696e676672616d65776f726b2e73656375726974792e636f72652e636f6e746578742e5365637572697479436f6e74657874496d706c000000000000023a0200014c000e61757468656e7469636174696f6e7400324c6f72672f737072696e676672616d65776f726b2f73656375726974792f636f72652f41757468656e7469636174696f6e3b78707372004f6f72672e737072696e676672616d65776f726b2e73656375726974792e61757468656e7469636174696f6e2e557365726e616d6550617373776f726441757468656e7469636174696f6e546f6b656e000000000000023a0200024c000b63726564656e7469616c737400124c6a6176612f6c616e672f4f626a6563743b4c00097072696e636970616c71007e0004787200476f72672e737072696e676672616d65776f726b2e73656375726974792e61757468656e7469636174696f6e2e416273747261637441757468656e7469636174696f6e546f6b656ed3aa287e6e47640e0200035a000d61757468656e746963617465644c000b617574686f7269746965737400164c6a6176612f7574696c2f436f6c6c656374696f6e3b4c000764657461696c7371007e0004787001737200266a6176612e7574696c2e436f6c6c656374696f6e7324556e6d6f6469666961626c654c697374fc0f2531b5ec8e100200014c00046c6973747400104c6a6176612f7574696c2f4c6973743b7872002c6a6176612e7574696c2e436f6c6c656374696f6e7324556e6d6f6469666961626c65436f6c6c656374696f6e19420080cb5ef71e0200014c00016371007e00067870737200136a6176612e7574696c2e41727261794c6973747881d21d99c7619d03000149000473697a65787000000001770400000001737200426f72672e737072696e676672616d65776f726b2e73656375726974792e636f72652e617574686f726974792e53696d706c654772616e746564417574686f72697479000000000000023a0200014c0004726f6c657400124c6a6176612f6c616e672f537472696e673b7870740004637275647871007e000d7074003c243261243132244172353930674f732f5453387564304c744774686f4f4f7874564c7349342f4a725655537470396c65315365696937446c374f4b47737200326f72672e737072696e676672616d65776f726b2e73656375726974792e636f72652e7573657264657461696c732e55736572000000000000023a0200075a00116163636f756e744e6f6e457870697265645a00106163636f756e744e6f6e4c6f636b65645a001563726564656e7469616c734e6f6e457870697265645a0007656e61626c65644c000b617574686f72697469657374000f4c6a6176612f7574696c2f5365743b4c000870617373776f726471007e000f4c0008757365726e616d6571007e000f787001010101737200256a6176612e7574696c2e436f6c6c656374696f6e7324556e6d6f6469666961626c65536574801d92d18f9b80550200007871007e000a737200116a6176612e7574696c2e54726565536574dd98509395ed875b0300007870737200466f72672e737072696e676672616d65776f726b2e73656375726974792e636f72652e7573657264657461696c732e5573657224417574686f72697479436f6d70617261746f72000000000000023a020000787077040000000171007e00107871007e001274000475736572
\.


--
-- Data for Name: status; Type: TABLE DATA; Schema: public; Owner: postgres
--

COPY public.status (id, status) FROM stdin;
1	ACTIVE
2	BANNED
\.


--
-- Data for Name: users; Type: TABLE DATA; Schema: public; Owner: postgres
--

COPY public.users (id, login, password, role_id, status_id, nickname, photo, email) FROM stdin;
1	admin	$2a$12$K91NDBeibhwvvRl.T1gP3OoxQyPsCZii/ladJoeeCWK9AwqnLIMxi	1	1	AdminNickname	icon.jpg	xxxkeep3rxxx@gmail.com
2	user	$2a$12$Ar590gOs/TS8ud0LtGthoOOxtVLsI4/JrVUStp9le1Seii7Dl7OKG	2	1	UserNickname	\N	andreynikonov13@yandex.ru
3	ban_user	$2a$12$wMuZf47mtmsWo/ge3/xd1.jrV4mLX6Vv85LGieoj33ylc.PuY1Q9i	2	2	BannedUser	\N	gogag51389@sesxe.com
\.


--
-- Name: comments_id_seq; Type: SEQUENCE SET; Schema: public; Owner: postgres
--

SELECT pg_catalog.setval('public.comments_id_seq', 63, true);


--
-- Name: country_id_seq; Type: SEQUENCE SET; Schema: public; Owner: postgres
--

SELECT pg_catalog.setval('public.country_id_seq', 3, true);


--
-- Name: ratings_id_seq; Type: SEQUENCE SET; Schema: public; Owner: postgres
--

SELECT pg_catalog.setval('public.ratings_id_seq', 67, true);


--
-- Name: reviews_id_seq; Type: SEQUENCE SET; Schema: public; Owner: postgres
--

SELECT pg_catalog.setval('public.reviews_id_seq', 49, true);


--
-- Name: role_id_seq; Type: SEQUENCE SET; Schema: public; Owner: postgres
--

SELECT pg_catalog.setval('public.role_id_seq', 4, true);


--
-- Name: status_id_seq; Type: SEQUENCE SET; Schema: public; Owner: postgres
--

SELECT pg_catalog.setval('public.status_id_seq', 4, true);


--
-- Name: users_id_seq; Type: SEQUENCE SET; Schema: public; Owner: postgres
--

SELECT pg_catalog.setval('public.users_id_seq', 26, true);


--
-- Name: comments comments_pkey; Type: CONSTRAINT; Schema: public; Owner: postgres
--

ALTER TABLE ONLY public.comments
    ADD CONSTRAINT comments_pkey PRIMARY KEY (id);


--
-- Name: country country_pkey; Type: CONSTRAINT; Schema: public; Owner: postgres
--

ALTER TABLE ONLY public.country
    ADD CONSTRAINT country_pkey PRIMARY KEY (id);


--
-- Name: ratings ratings_pkey; Type: CONSTRAINT; Schema: public; Owner: postgres
--

ALTER TABLE ONLY public.ratings
    ADD CONSTRAINT ratings_pkey PRIMARY KEY (id);


--
-- Name: reviews reviews_pkey; Type: CONSTRAINT; Schema: public; Owner: postgres
--

ALTER TABLE ONLY public.reviews
    ADD CONSTRAINT reviews_pkey PRIMARY KEY (id);


--
-- Name: role role_pkey; Type: CONSTRAINT; Schema: public; Owner: postgres
--

ALTER TABLE ONLY public.role
    ADD CONSTRAINT role_pkey PRIMARY KEY (id);


--
-- Name: spring_session_attributes spring_session_attributes_pk; Type: CONSTRAINT; Schema: public; Owner: postgres
--

ALTER TABLE ONLY public.spring_session_attributes
    ADD CONSTRAINT spring_session_attributes_pk PRIMARY KEY (session_primary_id, attribute_name);


--
-- Name: spring_session spring_session_pk; Type: CONSTRAINT; Schema: public; Owner: postgres
--

ALTER TABLE ONLY public.spring_session
    ADD CONSTRAINT spring_session_pk PRIMARY KEY (primary_id);


--
-- Name: status status_pkey; Type: CONSTRAINT; Schema: public; Owner: postgres
--

ALTER TABLE ONLY public.status
    ADD CONSTRAINT status_pkey PRIMARY KEY (id);


--
-- Name: users users_pkey; Type: CONSTRAINT; Schema: public; Owner: postgres
--

ALTER TABLE ONLY public.users
    ADD CONSTRAINT users_pkey PRIMARY KEY (id);


--
-- Name: country_index; Type: INDEX; Schema: public; Owner: postgres
--

CREATE INDEX country_index ON public.country USING btree (id, country_name);


--
-- Name: role_index; Type: INDEX; Schema: public; Owner: postgres
--

CREATE INDEX role_index ON public.role USING btree (id, name);


--
-- Name: spring_session_ix1; Type: INDEX; Schema: public; Owner: postgres
--

CREATE UNIQUE INDEX spring_session_ix1 ON public.spring_session USING btree (session_id);


--
-- Name: spring_session_ix2; Type: INDEX; Schema: public; Owner: postgres
--

CREATE INDEX spring_session_ix2 ON public.spring_session USING btree (expiry_time);


--
-- Name: spring_session_ix3; Type: INDEX; Schema: public; Owner: postgres
--

CREATE INDEX spring_session_ix3 ON public.spring_session USING btree (principal_name);


--
-- Name: status_index; Type: INDEX; Schema: public; Owner: postgres
--

CREATE INDEX status_index ON public.status USING btree (id, status);


--
-- Name: users_index; Type: INDEX; Schema: public; Owner: postgres
--

CREATE INDEX users_index ON public.users USING btree (id, login, password, role_id, status_id, nickname, photo);


--
-- Name: comments answer; Type: FK CONSTRAINT; Schema: public; Owner: postgres
--

ALTER TABLE ONLY public.comments
    ADD CONSTRAINT answer FOREIGN KEY (answer) REFERENCES public.comments(id) NOT VALID;


--
-- Name: comments comments_user_id_fkey; Type: FK CONSTRAINT; Schema: public; Owner: postgres
--

ALTER TABLE ONLY public.comments
    ADD CONSTRAINT comments_user_id_fkey FOREIGN KEY (user_id) REFERENCES public.users(id);


--
-- Name: ratings review; Type: FK CONSTRAINT; Schema: public; Owner: postgres
--

ALTER TABLE ONLY public.ratings
    ADD CONSTRAINT review FOREIGN KEY (review) REFERENCES public.reviews(id) NOT VALID;


--
-- Name: comments review_id; Type: FK CONSTRAINT; Schema: public; Owner: postgres
--

ALTER TABLE ONLY public.comments
    ADD CONSTRAINT review_id FOREIGN KEY (review_id) REFERENCES public.reviews(id) NOT VALID;


--
-- Name: reviews reviews_country_id_fkey; Type: FK CONSTRAINT; Schema: public; Owner: postgres
--

ALTER TABLE ONLY public.reviews
    ADD CONSTRAINT reviews_country_id_fkey FOREIGN KEY (country_id) REFERENCES public.country(id);


--
-- Name: reviews reviews_user_id_fkey; Type: FK CONSTRAINT; Schema: public; Owner: postgres
--

ALTER TABLE ONLY public.reviews
    ADD CONSTRAINT reviews_user_id_fkey FOREIGN KEY (user_id) REFERENCES public.users(id);


--
-- Name: spring_session_attributes spring_session_attributes_fk; Type: FK CONSTRAINT; Schema: public; Owner: postgres
--

ALTER TABLE ONLY public.spring_session_attributes
    ADD CONSTRAINT spring_session_attributes_fk FOREIGN KEY (session_primary_id) REFERENCES public.spring_session(primary_id) ON DELETE CASCADE;


--
-- Name: ratings user; Type: FK CONSTRAINT; Schema: public; Owner: postgres
--

ALTER TABLE ONLY public.ratings
    ADD CONSTRAINT "user" FOREIGN KEY (user_id) REFERENCES public.users(id) NOT VALID;


--
-- Name: users users_role_id_fkey; Type: FK CONSTRAINT; Schema: public; Owner: postgres
--

ALTER TABLE ONLY public.users
    ADD CONSTRAINT users_role_id_fkey FOREIGN KEY (role_id) REFERENCES public.role(id);


--
-- Name: users users_status_id_fkey; Type: FK CONSTRAINT; Schema: public; Owner: postgres
--

ALTER TABLE ONLY public.users
    ADD CONSTRAINT users_status_id_fkey FOREIGN KEY (status_id) REFERENCES public.status(id) NOT VALID;


--
-- PostgreSQL database dump complete
--

